Frequency,T0Magnitude,T1Magnitude,T2Magnitude,T3Magnitude,T4Magnitude,T5Magnitude
500000000000,-6.343523893,2.760527876,3.605897191,3.605897191,3.783415023,3.266106651
500625000000,-2.896792728,9.467414571,9.451551835,9.451551835,9.099236543,10.41917486
501250000000,-5.108785181,2.764290025,3.428776794,3.428776794,3.711670675,4.391353107
501875000000,-4.820844972,4.679888329,2.065727225,2.065727225,1.23621884,2.071506768
502500000000,2.627637467,5.532440831,5.513204019,5.513204019,5.661697298,6.431253332
503125000000,3.684630395,2.107688392,2.716854439,2.716854439,1.856459085,0.697834397
503750000000,-2.148664089,-1.561564373,-1.578618787,-1.578618787,-2.175378966,-1.332780279
504375000000,-6.351666674,-0.16864869,-0.630840369,-0.630840369,-0.224329866,-0.243817293
505000000000,2.126816514,0.369027253,0.702348506,0.702348506,0.690567523,0.530196762
505625000000,1.908128431,1.384965267,1.498767634,1.498767634,1.243201247,1.163088963
506250000000,0.166955196,2.100556408,2.449778607,2.449778607,1.73742871,1.729929095
506875000000,-5.264245947,-7.369128409,-6.65520089,-6.65520089,-11.37394465,-8.266440575
507500000000,1.433194694,-3.152209246,-3.118518647,-3.118518647,-3.074046858,-2.832422939
508125000000,2.183093395,-0.257201394,-0.273996346,-0.273996346,-0.239371063,-0.324842275
508750000000,-0.676230269,0.975471054,1.32362672,1.32362672,0.728098778,1.243178548
509375000000,-1.426622686,0.810471359,0.844360941,0.844360941,0.697268549,-0.203254506
510000000000,0.176091483,-0.024429577,0.799244492,0.799244492,0.398468016,0.131279889
510625000000,-0.00086577,0.009680481,0.00739575,0.00739575,0.005866085,0.006774802
511250000000,-0.34037795,-0.602352049,-0.516304366,-0.516304366,-0.638782471,-0.41134754
511875000000,-2.352863878,0.102778854,0.591753528,0.591753528,0.139437646,0.512587374
512500000000,-1.76066708,1.446994843,0.436895423,0.436895423,0.797133673,0.93793022
513125000000,0.316448496,-2.154754391,-0.287018528,-0.287018528,-0.547936852,-1.880694046
513750000000,-0.402560569,-15.10040538,-9.15176481,-9.15176481,-9.332258505,-6.978520984
514375000000,-1.642677639,-2.823449297,-2.694036371,-2.694036371,-2.378646984,-2.345448672
515000000000,-1.242423676,0.121926831,-0.071601616,-0.071601616,-0.226842234,0.122892449
515625000000,0.549135055,0.992681901,1.368512751,1.368512751,0.542451635,0.625797587
516250000000,0.392119704,0.412414397,0.526960636,0.526960636,0.203303617,0.078323288
516875000000,-1.393810174,2.246020174,2.343451974,2.343451974,0.865949624,0.811686001
517500000000,1.072193419,-1.516930916,-2.290659443,-2.290659443,-1.027303714,-1.220252287
518125000000,1.562531476,-0.181653869,-0.292553756,-0.292553756,-0.2239819,-0.393096972
518750000000,0.532119287,0.222516983,0.407994487,0.407994487,0.081440382,0.571448715
519375000000,-0.491461311,1.457115186,2.052265564,2.052265564,1.693877868,0.627611507
520000000000,-0.588158826,1.373992958,2.879236464,2.879236464,0.673559596,0.502740689
520625000000,-2.950783034,3.39100289,3.189096058,3.189096058,7.017407072,7.84249326
521250000000,-6.509831699,0.361159707,0.117718644,0.117718644,0.972858085,1.126676957
521875000000,-5.970418269,0.223250073,0.245160117,0.245160117,0.546150448,0.581984398
522500000000,-12.63169829,0.56684457,0.787565347,0.787565347,0.527605948,0.389805712
523125000000,-9.361663239,2.318528122,2.249934221,2.249934221,2.152837471,2.153175533
523750000000,-3.689443942,1.606101198,1.609084726,1.609084726,1.423465456,1.426212896
524375000000,-6.31731455,3.270541985,3.445087425,3.445087425,2.836645642,2.732273091
525000000000,-10.40263369,3.584658355,4.120571402,4.120571402,3.161722506,2.839631043
525625000000,1.672349971,0.65546141,1.049987875,1.049987875,1.780353003,1.776796925
526250000000,1.649151026,0.225860352,0.081736834,0.081736834,0.626326191,0.634213559
526875000000,-3.372767871,1.193361045,1.14485431,1.14485431,1.299570671,1.093939586
527500000000,-0.612767548,1.187605368,1.330128169,1.330128169,1.140634769,0.932780632
528125000000,7.432810843,1.657516622,2.038724638,2.038724638,1.275032408,1.086520748
528750000000,7.764730995,-1.432714142,-0.055470059,-0.055470059,-3.537378361,-3.928753675
529375000000,1.768044507,0.017682174,-8.499218494,-8.499218494,-6.271936511,-0.453039477
530000000000,1.408482878,1.987398409,1.903365225,1.903365225,2.504142587,2.120085656
530625000000,1.681988628,2.299623271,2.256859368,2.256859368,2.573804177,2.113224387
531250000000,4.557190909,1.355140483,1.828072546,1.828072546,1.687479847,1.048149145
531875000000,-0.1981829,-2.740592882,-2.562797738,-2.562797738,-2.794409371,-3.329031623
532500000000,1.663964779,-3.091257649,-3.088790206,-3.088790206,-2.696650983,-2.677168486
533125000000,4.988104499,-0.332117957,-0.319887128,-0.319887128,-0.341450233,-0.421004986
533750000000,1.776468357,0.559551763,0.852044296,0.852044296,0.170192244,0.211740997
534375000000,-0.368613806,1.232452538,1.58244207,1.58244207,0.642921136,0.632675951
535000000000,-0.178251798,0.878252423,1.350548311,1.350548311,-0.050296442,-0.226078129
535625000000,2.822347274,-5.200178729,-5.238457542,-5.238457542,-5.050603259,-5.416111251
536250000000,2.216697438,-0.556594549,-0.531304207,-0.531304207,-0.511219535,-0.523521703
536875000000,2.697412147,0.526101864,0.63633629,0.63633629,0.313754969,0.30872494
537500000000,1.474562694,0.370490979,0.478225046,0.478225046,0.181423743,0.178852493
538125000000,1.163813889,0.663610008,0.817532763,0.817532763,0.360789461,0.353692468
538750000000,0.282384451,0.07825884,0.601449339,0.601449339,-0.712057797,-0.424156576
539375000000,-1.03112101,0.866183296,0.967406613,0.967406613,0.674592274,0.760330918
540000000000,-0.964363388,0.160060133,0.16121242,0.16121242,0.153249976,0.164237559
540625000000,0.266129706,-0.006926563,-0.000337557,-0.000337557,-0.019432965,-0.020274243
541250000000,0.838500528,0.110299318,0.150679787,0.150679787,-0.00717042,-0.020653989
541875000000,1.82398208,3.128969613,3.106925906,3.106925906,2.433359961,2.179618102
542500000000,3.804262511,0.017059508,-0.111382817,-0.111382817,0.618586711,0.757200399
543125000000,1.081063795,-0.876696524,-0.978459787,-0.978459787,-0.546615501,-0.532904861
543750000000,-7.090860094,-0.44284316,-0.421400681,-0.421400681,-0.355242084,-0.504745023
544375000000,-6.859640586,0.007280489,0.332578984,0.332578984,-0.251749038,-0.57833181
545000000000,-9.951576926,1.783175736,2.070004177,2.070004177,1.587773011,1.511157361
545625000000,-18.70010923,1.851373659,2.096076003,2.096076003,1.965384047,1.899422111
546250000000,-4.766072206,4.492596595,4.651608987,4.651608987,3.594161545,3.461715804
546875000000,-4.879239534,3.59939544,3.802024051,3.802024051,3.361172808,3.31414944
547500000000,-15.69766638,0.19607458,-0.323093296,-0.323093296,1.672949236,1.803354323
548125000000,3.371405854,0.488023471,0.367353068,0.367353068,0.928623129,0.876469021
548750000000,2.936990627,0.429890307,0.478233519,0.478233519,-0.013360182,0.140926566
549375000000,-1.753360245,-0.088875364,0.570670404,0.570670404,-0.7043828,-0.404538112
550000000000,-4.222782146,-7.114528226,-5.880362501,-5.880362501,-6.53419677,-6.683788768
550625000000,0.724139765,-4.598424517,-4.813078081,-4.813078081,-4.569049959,-4.916209636
551250000000,2.694676776,-1.052174572,-0.990077054,-0.990077054,-1.059240362,-1.16405019
551875000000,-0.326884601,-0.156922594,0.019524714,0.019524714,-0.490748106,-0.438833108
552500000000,-0.374233304,-0.766376904,-0.421754437,-0.421754437,-1.317909898,-1.372877052
553125000000,-0.524252988,-3.813798951,-3.573802721,-3.573802721,-4.613800202,-4.289718402
553750000000,-1.238282148,-3.551415057,-3.455029969,-3.455029969,-4.015940373,-3.812799534
554375000000,0.544306072,-1.30346348,-1.194301863,-1.194301863,-1.441206579,-1.50279748
555000000000,2.090156216,-0.825538721,-0.567679712,-0.567679712,-0.898957414,-1.042940619
555625000000,2.540832014,-0.533061083,-0.234484728,-0.234484728,-0.727045801,-0.80383443
556250000000,2.35409626,-1.025943828,-0.878879544,-0.878879544,-1.535766746,-1.501124873
556875000000,-1.032189733,-1.183249829,-0.969702763,-0.969702763,-1.834103214,-1.530291965
557500000000,-4.996182159,2.297663489,2.192294692,2.192294692,2.486401995,2.49286019
558125000000,-7.281599406,6.081803642,5.883314019,5.883314019,8.040309445,9.44126885
558750000000,-3.172879968,0.883951573,0.666463801,0.666463801,1.083033437,1.278591937
559375000000,-0.734375644,0.181551762,0.142311933,0.142311933,0.263955806,0.279036519
560000000000,1.43524533,-0.240672498,-0.151530769,-0.151530769,-0.465650301,-0.426652565
560625000000,-2.925936429,1.137047684,0.687934782,0.687934782,1.841760937,1.73862089
561250000000,-5.29548458,9.574369485,7.345273631,7.345273631,17.01279702,15.50433371
561875000000,-5.300193584,9.234780288,10.22476636,10.22476636,7.419953536,7.340552125
562500000000,-3.97131088,3.261836659,3.377952794,3.377952794,2.959527027,2.943474072
563125000000,-2.796328919,1.855356847,1.776140964,1.776140964,1.893253288,1.93971623
563750000000,-0.702486856,0.311426558,0.27146962,0.27146962,0.358489743,0.373719493
564375000000,14.53706756,-5.883913444,-6.418215811,-6.418215811,-6.043618724,-6.947559934
565000000000,4.680162972,0.42885394,0.016445159,0.016445159,2.122363132,2.18862162
565625000000,1.584098062,-1.458394806,-1.715425836,-1.715425836,-0.861915532,-0.936248102
566250000000,-0.090282009,-0.063294979,-0.098290319,-0.098290319,0.085575519,-0.101739316
566875000000,-7.760205523,0.227871063,0.219066679,0.219066679,0.325796707,-0.041380873
567500000000,-18.90504181,-0.471305051,-0.443232747,-0.443232747,-0.48372275,-0.869083652
568125000000,-11.46426539,2.574466585,2.58444496,2.58444496,2.454631987,2.183199871
568750000000,-18.02602887,1.649869239,1.751601381,1.751601381,1.420470247,1.32772413
569375000000,-9.520401913,-1.555588622,-1.677097536,-1.677097536,-1.218446359,-1.492416109
570000000000,-1.640167216,1.550418441,1.126636446,1.126636446,3.000869323,2.688434127
570625000000,-1.579881602,0.136531712,-0.039976821,-0.039976821,0.584636536,0.518512882
571250000000,-8.642006048,0.737739872,0.845441814,0.845441814,0.495791988,0.50199003
571875000000,3.634164374,1.97428477,2.49739445,2.49739445,1.106477416,1.105921805
572500000000,4.449743456,0.482590963,1.693450082,1.693450082,-0.41082368,0.073665859
573125000000,1.94297698,-4.89274484,-5.097042815,-5.097042815,-5.303087899,-5.17140444
573750000000,-2.97499329,-1.166081447,-1.143752884,-1.143752884,-1.257230856,-1.301329244
574375000000,6.671178021,0.239227531,0.39154091,0.39154091,-0.037406738,-0.054370477
575000000000,4.865145857,1.282091008,1.751634366,1.751634366,0.624012455,0.576075121
575625000000,1.543966932,-0.427103631,0.63341392,0.63341392,-1.236616032,-1.190907601
576250000000,-0.590744548,0.341026679,0.393367185,0.393367185,0.22777853,0.33064412
576875000000,2.976604813,-0.51155544,-0.513496059,-0.513496059,-0.576686838,-0.608738165
577500000000,0.38052499,-0.000854146,0.01165034,0.01165034,-0.024866151,-0.028890851
578125000000,1.687543496,0.334914353,0.463240128,0.463240128,0.117427388,0.1021554
578750000000,-1.152045172,-0.395637147,-0.550917888,-0.550917888,-0.147586313,-0.153485429
579375000000,-5.132165561,10.98453916,8.331248846,8.331248846,4.268789227,3.428360754
580000000000,-3.603380605,2.820853422,3.131007305,3.131007305,2.400870078,2.569397712
580625000000,-5.272734193,2.173484168,1.857953271,1.857953271,2.763944219,2.787974205
581250000000,-5.634164857,1.28040193,0.875553188,0.875553188,2.095359527,2.146160875
581875000000,-5.289579101,-0.823956581,-1.178493276,-1.178493276,-0.028451783,0.06894283
582500000000,-4.651314018,-6.255158826,-6.333750412,-6.333750412,-5.544941318,-5.216247381
583125000000,-3.609951477,1.049493341,1.816343033,1.816343033,-0.604772078,-0.60966647
583750000000,-4.429753234,3.568579233,4.041021157,4.041021157,2.717722596,2.84969863
584375000000,-1.780451073,2.110172502,2.233361083,2.233361083,1.892439804,1.936790982
585000000000,-1.214635825,4.262436396,4.2773391,4.2773391,4.030531024,4.147010677
585625000000,-0.429230388,2.014150046,1.828245987,1.828245987,2.075157212,2.158223851
586250000000,2.153005717,3.349226633,2.892827513,2.892827513,4.639657405,4.452481858
586875000000,-3.968251578,-1.156226972,-1.571706739,-1.571706739,-0.226749569,-0.23140618
587500000000,-5.332442315,-2.472956321,-2.746781019,-2.746781019,-1.82096301,-1.896192921
588125000000,4.764357887,0.951360278,1.188875495,1.188875495,0.714869671,0.796281916
588750000000,6.68049974,4.204114047,4.888976978,4.888976978,2.824849665,3.209719019
589375000000,-7.450478497,-0.661554045,-1.042360139,-1.042360139,0.2572776,0.818852125
590000000000,-16.1585758,4.745611887,4.696329624,4.696329624,4.634255112,5.116814401
590625000000,-9.068388925,3.898990295,4.025307271,4.025307271,3.434933097,4.046358346
591250000000,-6.931273946,2.276660691,2.52336814,2.52336814,2.101103752,2.615862089
591875000000,-38.06293895,1.142575153,0.929934064,0.929934064,1.623264992,1.860586951
592500000000,-4.241740366,0.491823142,0.474285187,0.474285187,0.52377202,0.55193882
593125000000,-1.004801079,1.959193566,2.217165735,2.217165735,1.386717089,1.409595698
593750000000,-6.479762938,3.556627113,4.652265205,4.652265205,1.934778271,2.352395656
594375000000,-7.443823525,-2.231822368,-3.681418678,-3.681418678,-1.066699042,-2.94153553
595000000000,14.91688569,-1.855512268,-1.618645442,-1.618645442,-1.692518256,-1.795144938
595625000000,8.691555405,0.524338822,0.459933422,0.459933422,0.495162324,3.217861225
596250000000,1.693051213,-0.547993402,-0.461540489,-0.461540489,-0.774410589,-0.855421527
596875000000,-0.059007339,4.473066239,5.53300535,5.53300535,2.542839654,3.123284627
597500000000,10.39847459,-0.696526808,0.231454045,0.231454045,-4.113670186,-0.181811707
598125000000,-3.607516832,2.501230663,2.88966962,2.88966962,2.091648976,2.171194586
598750000000,-4.301302431,1.155171418,1.070076249,1.070076249,1.323957188,1.414644425
599375000000,-5.335707211,0.556726305,0.342301873,0.342301873,0.941662365,0.985216927
600000000000,-2.272103244,-0.424692156,-0.598935894,-0.598935894,-0.118140472,-0.098473643
600625000000,-4.707224043,-4.608760969,-5.02821053,-5.02821053,-3.622711982,-2.951780557
601250000000,-5.818404627,1.181891557,2.096527855,2.096527855,-1.401284849,-1.67560842
601875000000,-9.872667216,10.96363148,12.85898916,12.85898916,7.43170574,7.723064699
602500000000,-4.401869507,13.26866929,14.5812931,14.5812931,10.16568701,10.45405331
603125000000,-3.186075462,7.287013954,6.401462254,6.401462254,8.365047925,8.449496701
603750000000,-3.750511382,9.763669425,7.539067834,7.539067834,14.65428948,14.83278629
604375000000,0.22325432,-0.07356201,0.177819926,0.177819926,-0.431292469,-0.443545824
605000000000,1.117384321,0.23317532,0.375886115,0.375886115,-0.058527585,-0.062283899
605625000000,-2.249051651,-1.019046059,-1.154546041,-1.154546041,-0.773370404,-0.788014829
606250000000,-5.52919301,-4.456257142,-4.678125296,-4.678125296,-3.955475664,-3.955151011
606875000000,-5.417194291,-4.460865077,-4.60955153,-4.60955153,-4.070378867,-4.064634065
607500000000,-7.822789366,-9.979884115,-9.735343058,-9.735343058,-9.657955439,-9.703228293
608125000000,-8.296748242,4.18423212,3.981621037,3.981621037,4.55277701,4.337290772
608750000000,-11.19680997,-3.344662255,-3.749434782,-3.749434782,-2.15933967,-2.165646901
609375000000,-12.61777441,-6.241462386,-6.503953111,-6.503953111,-5.340351865,-5.443775284
610000000000,-13.47126082,-9.512431478,-9.639870801,-9.639870801,-8.891187364,-8.959355074
610625000000,-4.157754868,-4.236492756,-4.134641434,-4.134641434,-3.966525598,-3.976611813
611250000000,6.62267447,0.161217865,0.028029378,0.028029378,0.584203313,0.600492316
611875000000,3.56604211,1.716214546,1.742450094,1.742450094,1.590987634,1.634431867
612500000000,-4.121190266,2.045327653,2.280567609,2.280567609,1.489576048,1.535606163
613125000000,-9.176808189,7.468766195,8.258293491,8.258293491,5.399934597,5.514463856
613750000000,-4.428269858,0.582679673,0.594111438,0.594111438,0.840483712,0.823298363
614375000000,-9.39003408,-0.38030275,-0.363170983,-0.363170983,-0.33331031,-0.324616137
615000000000,-12.90158072,1.729318623,2.013737196,2.013737196,1.252287206,1.288909317
615625000000,0.367627937,3.111408538,3.592519016,3.592519016,3.138052308,3.288519849
616250000000,4.8248003,-2.110050138,-2.362180328,-2.362180328,-0.742400826,-0.547381638
616875000000,-4.085148426,-2.281509864,-2.297965612,-2.297965612,-2.371904863,-2.177808478
617500000000,3.948124902,-1.746941516,-1.371739625,-1.371739625,-1.651903124,-2.157896801
618125000000,5.118867084,1.154281507,2.108657573,2.108657573,0.602510312,0.35505688
618750000000,1.964256935,4.899163109,3.878555228,3.878555228,3.564455853,2.431347668
619375000000,-2.417241199,9.849373967,10.62320259,10.62320259,4.66555698,8.450409643
620000000000,-3.479964487,1.688073734,1.355892739,1.355892739,1.645168452,1.397943212
620625000000,-2.499938419,1.779296194,1.64275621,1.64275621,2.020234582,2.022726379
621250000000,-2.534932355,1.910482238,1.533934756,1.533934756,2.505326865,2.480747188
621875000000,-4.88200048,1.10521901,0.230932203,0.230932203,2.736702557,2.743936291
622500000000,-5.861271419,-4.575121054,-5.578115472,-5.578115472,-3.675217778,-3.614940185
623125000000,-1.050747185,0.061812694,0.624380008,0.624380008,-1.504458165,-1.818842783
623750000000,2.67184837,3.17399031,3.781465162,3.781465162,2.212494808,2.156552014
624375000000,0.564500929,0.608916064,0.66884469,0.66884469,0.50555285,0.508559189
625000000000,1.774556997,1.295986862,1.401676784,1.401676784,1.113445321,1.106246203
625625000000,-6.124574429,-6.547585351,-6.754697091,-6.754697091,-6.023873668,-5.844270493
626250000000,-7.698099339,3.973410225,1.481180141,1.481180141,11.60413786,11.39119546
626875000000,-8.959129228,0.197617626,-0.349014645,-0.349014645,1.626048014,1.893009597
627500000000,-12.09651279,-3.740294718,-4.273601153,-4.273601153,-2.559767639,-2.420920706
628125000000,-9.258611511,-6.197777405,-6.477296313,-6.477296313,-5.471402932,-5.391809375
628750000000,-9.18559145,-8.11548203,-8.380697715,-8.380697715,-7.370763067,-7.196889068
629375000000,-11.93823379,-19.74228889,-20.85157835,-20.85157835,-18.67748466,-17.87812022
630000000000,-15.55174217,6.43337467,3.70872884,3.70872884,8.913307956,10.06780434
630625000000,-16.45149076,-3.3489802,-4.123013573,-4.123013573,-1.497714198,-1.203238665
631250000000,-10.06932454,-4.455090312,-4.743152083,-4.743152083,-3.638214838,-3.520338743
631875000000,-7.81454361,-6.009858645,-6.159826673,-6.159826673,-5.471281214,-5.374612477
632500000000,-6.996142368,-8.397581577,-7.86772212,-7.86772212,-8.569744177,-9.097294962
633125000000,-17.34675353,-2.839838133,-2.367563593,-2.367563593,-4.904856778,-5.425847668
633750000000,-18.02085076,0.013618863,-0.595078677,-0.595078677,1.237346821,1.617183564
634375000000,-11.78858271,-3.3508956,-3.725014349,-3.725014349,-2.364676335,-2.226161758
635000000000,6.634103171,2.376636957,2.486036484,2.486036484,1.943511173,1.897085084
635625000000,-15.67192746,3.565726661,3.247953244,3.247953244,4.926128032,5.027680906
636250000000,-7.190314207,0.303487832,0.195893233,0.195893233,0.698649808,0.749242296
636875000000,-4.572830647,2.373895092,2.699567859,2.699567859,1.890882633,1.802264031
637500000000,-12.10863635,6.240134969,6.786075253,6.786075253,5.287850903,5.141175744
638125000000,-6.837909886,-0.981720021,-1.17116241,-1.17116241,0.099938623,0.244102304
638750000000,5.483231057,-3.885817937,-3.902225208,-3.902225208,-3.862644023,-3.783795071
639375000000,10.30802109,-1.343265775,-1.190486469,-1.190486469,-1.585541932,-1.60082683
640000000000,0.849139726,0.006038548,0.034935398,0.034935398,-0.024298557,-0.031678728
640625000000,-1.598461036,-0.709265119,-0.811935588,-0.811935588,-0.41243837,-0.472648035
641250000000,-0.933400727,-1.047456005,-0.255427753,-0.255427753,-2.456634797,-3.110627098
641875000000,-1.480711557,2.458563379,3.318298823,3.318298823,2.737697024,2.531767103
642500000000,-4.552468313,7.802642352,8.290671315,8.290671315,7.666361992,6.687683107
643125000000,0.328876946,4.583154828,4.593868606,4.593868606,4.523981221,4.594971215
643750000000,3.157240546,14.41394069,12.17785697,12.17785697,14.39675032,14.31234619
644375000000,1.62997007,0.964976806,1.668889487,1.668889487,0.224945343,0.008556906
645000000000,2.384128533,0.036837309,0.165905655,0.165905655,-0.270346564,-0.28444295
645625000000,-4.654237875,-1.095183415,-1.32279226,-1.32279226,-0.656557715,-0.659347236
646250000000,-7.853128021,-4.51694668,-4.858861685,-4.858861685,-3.738192515,-3.720226203
646875000000,-7.664482105,-6.111822653,-6.380071132,-6.380071132,-5.352872149,-5.308617221
647500000000,-11.25600589,-11.79595553,-12.11635197,-12.11635197,-10.7198002,-10.62112367
648125000000,-12.7777416,2.476811425,-0.114283927,-0.114283927,3.953335393,3.301292146
648750000000,-10.17260865,0.376955201,-0.66843284,-0.66843284,2.969031984,3.336182718
649375000000,-9.720205756,-3.981074254,-4.628556989,-4.628556989,-2.507519253,-2.291038209
650000000000,-11.63462435,-8.02885581,-8.456495496,-8.456495496,-6.992194522,-6.837979152
650625000000,-16.21710687,-12.57160363,-13.03278987,-13.03278987,-11.47482216,-11.42921545
651250000000,-14.80276353,-8.888119074,-9.89660668,-9.89660668,-9.517847843,-10.06849341
651875000000,-12.40344178,12.71395034,8.249745104,8.249745104,10.27621216,7.616427826
652500000000,-12.34918502,-1.026608421,-1.985304363,-1.985304363,1.753039513,2.670440332
653125000000,-15.07874071,-8.791807142,-9.279664571,-9.279664571,-7.574669659,-7.196580633
653750000000,-14.80224975,-12.83365868,-13.11448742,-13.11448742,-11.74026781,-11.44892293
654375000000,-16.08150802,-28.39505417,-32.31022702,-32.31022702,-28.75130232,-28.53817526
655000000000,-15.79748882,1.273135649,2.552856991,2.552856991,-3.153105477,-3.889132762
655625000000,-16.17581362,1.862031825,0.75889325,0.75889325,3.983335431,3.815264052
656250000000,-15.03327315,-4.833673679,-5.403912627,-5.403912627,-3.255908585,-2.930531322
656875000000,-9.199102675,-6.977415561,-7.103113969,-7.103113969,-6.281217812,-6.167457414
657500000000,-2.434723544,-2.159076821,-2.066212781,-2.066212781,-2.346429045,-2.382770797
658125000000,4.19999503,0.522037684,0.360147088,0.360147088,0.907421201,0.983130693
658750000000,-16.40993136,1.350401535,1.522075587,1.522075587,1.070261998,1.016101485
659375000000,-7.028783823,4.605977773,4.903599545,4.903599545,4.108807455,3.958689398
660000000000,-4.123319941,-1.979114793,-2.145685668,-2.145685668,-1.237927561,-1.25360655
660625000000,-11.66790622,-2.890465948,-2.96130641,-2.96130641,-2.826201267,-2.856560683
661250000000,-2.195901329,-1.656204713,-1.469039126,-1.469039126,-1.917343555,-1.945877486
661875000000,1.242862531,-0.605166566,-0.346919967,-0.346919967,-1.020396541,-1.06827774
662500000000,0.540478448,0.504105594,0.604774633,0.604774633,0.197903075,0.163197227
663125000000,-1.02361452,-0.453964084,-0.230195716,-0.230195716,-0.885392151,-1.153640596
663750000000,5.712902147,4.311304092,3.890483232,3.890483232,2.220560721,1.966279429
664375000000,2.129988787,1.391372202,1.465616891,1.465616891,1.192524634,1.141487874
665000000000,8.359590741,10.38198281,12.55456834,12.55456834,9.077200748,8.958040769
665625000000,-3.792298149,-2.574069749,-2.816124977,-2.816124977,-2.280997941,-2.223251218
666250000000,-8.45728479,-0.948016374,-3.598702979,-3.598702979,2.832429105,2.627857828
666875000000,-7.12695534,1.02421098,0.402786157,0.402786157,2.56530104,2.747330586
667500000000,-10.05104956,-2.947303452,-3.575921715,-3.575921715,-1.460654458,-1.296325182
668125000000,-11.45476189,-6.554710315,-6.966913141,-6.966913141,-5.608256311,-5.473044722
668750000000,-10.37350614,-7.665185387,-8.08743981,-8.08743981,-6.621729352,-6.419581043
669375000000,-9.990716844,-10.73023917,-11.42026348,-11.42026348,-9.766829223,-9.516560134
670000000000,-10.56499831,3.877367221,1.00286065,1.00286065,5.548952871,5.130786947
670625000000,-12.87583108,1.818403442,0.073327177,0.073327177,5.570277199,6.394898846
671250000000,-13.08878073,-4.304950908,-5.106365428,-5.106365428,-2.693635176,-2.341503453
671875000000,-10.59119525,-8.426300413,-8.866346977,-8.866346977,-7.344812588,-7.094323041
672500000000,-8.943288231,-11.71903713,-11.82430603,-11.82430603,-11.08942186,-10.97226769
673125000000,-10.31265483,-6.285671956,-6.932964036,-6.932964036,-6.74645729,-6.716376468
673750000000,-12.0328693,4.805572866,3.074043224,3.074043224,6.213269308,6.031157186
674375000000,-7.366231335,0.685332704,0.193560025,0.193560025,1.62406306,1.728983222
675000000000,-6.585347437,-3.503026937,-3.781683521,-3.781683521,-2.676264297,-2.613417274
675625000000,-1.020545744,-0.434242991,-0.609480376,-0.609480376,-0.161703612,-0.095393966
676250000000,-13.59068059,-11.81833034,-12.62467033,-12.62467033,-13.09603479,-12.91838725
676875000000,-13.45002842,1.985648878,4.835612606,4.835612606,-1.912757313,-2.604591742
677500000000,-11.02507212,-0.324631763,-0.959591027,-0.959591027,0.177563809,0.132128774
678125000000,-12.32986368,-5.26558105,-6.104700343,-6.104700343,-3.456474146,-3.084451272
678750000000,-12.20616023,-9.889625169,-10.21258751,-10.21258751,-8.801118514,-8.629934904
679375000000,-4.282745639,-5.844164586,-5.690993352,-5.690993352,-6.202788598,-6.226412487
680000000000,-0.070485598,0.15946114,0.069133045,0.069133045,0.372619915,0.401247611
680625000000,-2.441873938,0.544980925,0.607078816,0.607078816,0.525121542,0.559453474
681250000000,-7.790896618,2.390737863,2.836929809,2.836929809,1.681850498,1.622422494
681875000000,-15.11930479,0.196933576,-0.078513769,-0.078513769,1.314597457,1.522875484
682500000000,-4.238690158,-6.068749181,-6.080822507,-6.080822507,-6.00582848,-5.95228485
683125000000,2.739954603,-3.664475366,-3.456661464,-3.456661464,-3.969361497,-3.945830724
683750000000,-5.435244803,-0.92397064,-0.650515607,-0.650515607,-1.41288092,-1.411539364
684375000000,0.215019427,-0.117880586,-0.132330744,-0.132330744,-0.036774507,-0.038984916
685000000000,1.270653612,-0.207199293,-0.024279052,-0.024279052,-0.738164981,-0.722264899
685625000000,1.381631647,0.759648736,0.842904832,0.842904832,0.568838741,0.537314617
686250000000,-8.179495436,-3.473367111,-3.72446081,-3.72446081,-3.214366363,-3.020573497
686875000000,-13.29538882,-10.93389896,-10.32046034,-10.32046034,-10.10673678,-9.313752924
687500000000,-5.631367452,-6.989193223,-7.128646864,-7.128646864,-5.331849202,-5.170968675
688125000000,-10.22850056,4.389794549,13.88435378,13.88435378,2.492631186,-1.99003912
688750000000,-11.76693253,1.455514873,0.477006314,0.477006314,4.511107954,5.01570661
689375000000,-11.1259248,-3.954456822,-4.629944051,-4.629944051,-2.163485038,-1.782437193
690000000000,-9.646176812,-6.877703915,-7.333558727,-7.333558727,-5.75929628,-5.465114825
690625000000,-10.49064817,-8.702074378,-9.236471223,-9.236471223,-7.499192132,-7.212547954
691250000000,-12.45330199,-9.460178067,-10.42923272,-10.42923272,-9.243753529,-9.445851883
691875000000,-9.669302919,3.561639548,1.75145583,1.75145583,4.036379155,3.684110611
692500000000,-6.573551918,1.094061465,0.158860816,0.158860816,3.202598076,3.694929061
693125000000,-8.386175344,-3.695614733,-4.190165878,-4.190165878,-2.438132026,-2.111779608
693750000000,-11.17384953,-6.963912425,-7.440440112,-7.440440112,-5.642949539,-5.331254615
694375000000,-7.517845955,-8.952518352,-9.366571087,-9.366571087,-8.591699926,-8.658524357
695000000000,-5.778937229,-3.236294181,-3.819234953,-3.819234953,-3.579744823,-3.636234281
695625000000,-2.999978434,1.069979983,0.738556269,0.738556269,1.422625351,1.493959162
696250000000,1.448721478,0.414550631,0.557950852,0.557950852,0.294842937,0.306536
696875000000,-1.195104036,-0.420233438,-0.0651606,-0.0651606,-0.547733777,-0.548814161
697500000000,0.486362822,-0.25979485,0.054576562,0.054576562,-0.478436992,-0.5213601
698125000000,-9.667193003,-2.952208886,-1.269638021,-1.269638021,-6.213540226,-6.824289241
698750000000,-9.598373861,0.418909572,1.077420114,1.077420114,-1.222370942,-1.647696462
699375000000,-7.343471014,-0.352659049,-0.791757582,-0.791757582,0.045149253,-0.032499269
700000000000,-6.744769986,-3.766705447,-4.481142311,-4.481142311,-1.980129408,-1.809900829
700625000000,-5.105229073,-8.33873159,-8.556286887,-8.556286887,-6.958303906,-6.63412366
701250000000,-4.344047418,-5.831486259,-5.933043767,-5.933043767,-6.941202278,-7.014082976
701875000000,-2.388867268,-0.234354461,0.062245133,0.062245133,-0.974109919,-1.060341373
702500000000,-6.985103551,1.025124256,1.132756772,1.132756772,0.910093149,0.940556974
703125000000,-7.279447031,2.192335974,2.797107483,2.797107483,1.689405397,1.611475653
703750000000,-4.555002358,1.708704686,1.861018987,1.861018987,2.161724817,2.189728254
704375000000,-12.14142766,-5.459545228,-5.493294772,-5.493294772,-5.385733006,-5.353749811
705000000000,-10.7459865,-4.844422969,-4.610865595,-4.610865595,-5.248969177,-5.308796883
705625000000,-3.812882402,-2.533971563,-2.272779687,-2.272779687,-3.157940185,-3.204838293
706250000000,-3.376657779,2.74588122,3.365772895,3.365772895,0.781954252,0.423076593
706875000000,-5.087173222,0.074702465,-0.092274552,-0.092274552,0.713705694,0.864835074
707500000000,-2.131415902,-0.756876293,-0.835314203,-0.835314203,-0.583022401,-0.544113271
708125000000,-3.610090041,-2.325337059,-2.43032267,-2.43032267,-2.074085523,-2.013483357
708750000000,-6.332584925,-4.343264543,-4.535989182,-4.535989182,-3.975000823,-3.63408032
709375000000,-8.247897018,-12.9248137,-12.21676072,-12.21676072,-11.76014581,-13.57439591
710000000000,-8.259235103,6.23868444,-3.50240311,-3.50240311,5.060948171,1.893650464
710625000000,-9.052045269,1.497259952,0.044234552,0.044234552,6.546459435,8.107897625
711250000000,-11.31190558,-4.461770981,-5.151416085,-5.151416085,-2.663496765,-2.336656261
711875000000,-11.42244076,-7.146121657,-7.66306403,-7.66306403,-5.957806523,-5.704603875
712500000000,-7.800894311,-9.850679519,-10.06951515,-10.06951515,-9.129061689,-8.958566279
713125000000,-7.368834057,-7.377841927,-8.272593441,-8.272593441,-7.932711441,-8.184535132
713750000000,-8.197359132,1.121073529,0.46094588,0.46094588,0.67740895,0.401162717
714375000000,-6.609237924,0.189490383,-0.241668369,-0.241668369,0.806144712,0.904451045
715000000000,-4.339994064,-1.848789978,-2.015329665,-2.015329665,-1.415232636,-1.296075105
715625000000,-2.853923196,-3.961695376,-4.073514818,-4.073514818,-3.420095109,-3.334027413
716250000000,-2.326090675,-7.261538228,-7.45580943,-7.45580943,-7.278734685,-7.198953869
716875000000,-5.980430292,-1.738240978,-1.958435527,-1.958435527,-2.165804775,-2.281218444
717500000000,-1.21023914,0.284078936,0.282142077,0.282142077,0.207556182,0.184890672
718125000000,-1.958296749,-0.404124312,-0.740144545,-0.740144545,0.129062072,0.244978058
718750000000,-0.586622428,-0.358081307,-0.535559535,-0.535559535,-0.086448674,-0.022341044
719375000000,-1.028397652,0.821701313,-0.115298932,-0.115298932,2.015158362,2.26203658
720000000000,-2.190906255,3.096648744,3.998586774,3.998586774,0.493177577,0.046937295
720625000000,-1.619109565,0.068363081,0.049429639,0.049429639,-0.276470544,-0.306078036
721250000000,-3.233217328,-0.143685073,-0.67024792,-0.67024792,0.325077742,0.377253828
721875000000,-3.099675677,-2.252238629,-2.872213596,-2.872213596,-0.977111561,-0.675697627
722500000000,-0.169466015,0.410220982,0.721095946,0.721095946,0.045226273,-0.052598838
723125000000,-0.356382578,-0.413607815,-0.612068948,-0.612068948,-0.064084023,0.05107472
723750000000,0.302849076,-0.006019188,0.0534243,0.0534243,-0.119164619,-0.149984913
724375000000,-0.308095047,0.045131314,0.069264315,0.069264315,0.028030786,0.0294876
725000000000,-5.577348252,0.760662862,1.324270435,1.324270435,-0.038562439,-0.264617023
725625000000,-12.90013107,-7.02983614,-7.274454926,-7.274454926,-6.504194926,-6.77994767
726250000000,-6.50805779,-6.44952629,-6.552640418,-6.552640418,-6.435849194,-6.525896003
726875000000,-3.510135983,-2.098267346,-1.882079774,-1.882079774,-2.535871034,-2.630279019
727500000000,-9.511458795,-1.25069229,-0.964200328,-0.964200328,-1.91157902,-2.089533078
728125000000,-6.594958747,4.411945681,5.624637134,5.624637134,1.819182201,2.069926885
728750000000,-5.189457762,-0.21449751,-0.499008538,-0.499008538,-0.009497742,1.008708804
729375000000,-7.387263264,-2.5835209,-3.100864304,-3.100864304,-1.979865197,-1.944945115
730000000000,-6.944422349,-4.086314732,-4.335999537,-4.335999537,-3.630779169,-3.526230997
730625000000,-6.190568128,-6.819656398,-7.077357466,-7.077357466,-6.152280537,-5.671674827
731250000000,-2.212990305,-24.48995257,-25.31914003,-25.31914003,-17.86006947,-20.19158354
731875000000,-12.09186207,4.577783338,-5.564318624,-5.564318624,-5.497911466,-3.771748606
732500000000,-3.129368875,3.552265929,0.761112616,0.761112616,-0.166071595,-0.493973073
733125000000,-6.966605114,-10.09432421,-8.150955068,-8.150955068,-8.730786286,-6.394784767
733750000000,-7.567143348,-8.891543,-8.278699161,-8.278699161,-3.834927765,-7.568717151
734375000000,-7.772105406,-11.88171815,-12.32863269,-12.32863269,-12.657945,-11.7701128
735000000000,-8.922121466,-4.896679267,-5.692711495,-5.692711495,-5.995760086,-6.053568332
735625000000,-4.612187588,0.956890279,0.28004855,0.28004855,1.436573497,1.455726529
736250000000,-1.782662815,-0.035242985,0.007242126,0.007242126,0.057172662,0.044079792
736875000000,-3.691782956,-2.561492876,-2.681738102,-2.681738102,-2.258875852,-2.139006261
737500000000,-2.591085059,-3.638156779,-3.442404812,-3.442404812,-3.772372944,-3.632596074
738125000000,-0.606302676,-1.656163054,-1.798167043,-1.798167043,-1.64007813,-1.532336969
738750000000,-0.260014014,-0.205044167,-0.135140054,-0.135140054,-0.403438253,-0.364716352
739375000000,-0.138060729,0.154584948,0.106344447,0.106344447,0.048347241,0.051702601
740000000000,0.199275674,-0.240393828,-1.179771448,-1.179771448,0.451354504,0.597448995
740625000000,0.692222251,-1.057218631,-1.624300562,-1.624300562,-0.087169956,0.200330719
741250000000,0.228888961,1.673824807,1.7476521,1.7476521,1.905307914,2.167076303
741875000000,-0.360435112,0.722069442,0.568760496,0.568760496,0.298170642,0.429245437
742500000000,0.009019508,-0.002105225,-0.001995076,-0.001995076,0.002016146,-0.001481816
743125000000,-0.523725762,0.009975363,-0.08777082,-0.08777082,-0.238151081,0.015249247
743750000000,0.868186319,0.893212973,-0.042163624,-0.042163624,0.730846383,0.756703466
744375000000,0.093586475,1.634000251,2.304543381,2.304543381,1.897358566,2.194142749
745000000000,-0.467095834,-0.540334963,-0.574394509,-0.574394509,-0.464251867,-0.396715186
745625000000,-0.523472856,-0.11213769,0.043381671,0.043381671,-0.012152285,-0.015744297
746250000000,8.971726917,-8.450962417,3.734030442,3.734030442,8.133844562,6.652887876
746875000000,-9.674598691,-12.40816066,-4.004931263,-4.004931263,-10.86911193,-7.854980554
747500000000,-0.832508653,-2.233753962,3.429579412,3.429579412,0.254066972,-1.274700186
748125000000,-6.637901067,-4.811102574,-5.710265201,-5.710265201,-7.936083526,-9.20142062
748750000000,-10.54323322,-4.084644643,-4.157562703,-4.157562703,-9.316366624,-4.942084066
749375000000,-0.308787992,-0.188311737,1.053107496,1.053107496,-1.893715123,-0.669864226
750000000000,-4.459549106,1.969044946,-6.242656696,-6.242656696,0.124856576,0.432670145