5E+11,-6.343523893,2.760527876,3.605897191,3.605897191,3.783415023,3.266106651
5.00625E+11,-2.896792728,9.467414571,9.451551835,9.451551835,9.099236543,10.41917486
5.0125E+11,-5.108785181,2.764290025,3.428776794,3.428776794,3.711670675,4.391353107
5.01875E+11,-4.820844972,4.679888329,2.065727225,2.065727225,1.23621884,2.071506768
5.025E+11,2.627637467,5.532440831,5.513204019,5.513204019,5.661697298,6.431253332
5.03125E+11,3.684630395,2.107688392,2.716854439,2.716854439,1.856459085,0.697834397
5.0375E+11,-2.148664089,-1.561564373,-1.578618787,-1.578618787,-2.175378966,-1.332780279
5.04375E+11,-6.351666674,-0.16864869,-0.630840369,-0.630840369,-0.224329866,-0.243817293
5.05E+11,2.126816514,0.369027253,0.702348506,0.702348506,0.690567523,0.530196762
5.05625E+11,1.908128431,1.384965267,1.498767634,1.498767634,1.243201247,1.163088963
5.0625E+11,0.166955196,2.100556408,2.449778607,2.449778607,1.73742871,1.729929095
5.06875E+11,-5.264245947,-7.369128409,-6.65520089,-6.65520089,-11.37394465,-8.266440575
5.075E+11,1.433194694,-3.152209246,-3.118518647,-3.118518647,-3.074046858,-2.832422939
5.08125E+11,2.183093395,-0.257201394,-0.273996346,-0.273996346,-0.239371063,-0.324842275
5.0875E+11,-0.676230269,0.975471054,1.32362672,1.32362672,0.728098778,1.243178548
5.09375E+11,-1.426622686,0.810471359,0.844360941,0.844360941,0.697268549,-0.203254506
5.1E+11,0.176091483,-0.024429577,0.799244492,0.799244492,0.398468016,0.131279889
5.10625E+11,-0.00086577,0.009680481,0.00739575,0.00739575,0.005866085,0.006774802
5.1125E+11,-0.34037795,-0.602352049,-0.516304366,-0.516304366,-0.638782471,-0.41134754
5.11875E+11,-2.352863878,0.102778854,0.591753528,0.591753528,0.139437646,0.512587374
5.125E+11,-1.76066708,1.446994843,0.436895423,0.436895423,0.797133673,0.93793022
5.13125E+11,0.316448496,-2.154754391,-0.287018528,-0.287018528,-0.547936852,-1.880694046
5.1375E+11,-0.402560569,-15.10040538,-9.15176481,-9.15176481,-9.332258505,-6.978520984
5.14375E+11,-1.642677639,-2.823449297,-2.694036371,-2.694036371,-2.378646984,-2.345448672
5.15E+11,-1.242423676,0.121926831,-0.071601616,-0.071601616,-0.226842234,0.122892449
5.15625E+11,0.549135055,0.992681901,1.368512751,1.368512751,0.542451635,0.625797587
5.1625E+11,0.392119704,0.412414397,0.526960636,0.526960636,0.203303617,0.078323288
5.16875E+11,-1.393810174,2.246020174,2.343451974,2.343451974,0.865949624,0.811686001
5.175E+11,1.072193419,-1.516930916,-2.290659443,-2.290659443,-1.027303714,-1.220252287
5.18125E+11,1.562531476,-0.181653869,-0.292553756,-0.292553756,-0.2239819,-0.393096972
5.1875E+11,0.532119287,0.222516983,0.407994487,0.407994487,0.081440382,0.571448715
5.19375E+11,-0.491461311,1.457115186,2.052265564,2.052265564,1.693877868,0.627611507
5.2E+11,-0.588158826,1.373992958,2.879236464,2.879236464,0.673559596,0.502740689
5.20625E+11,-2.950783034,3.39100289,3.189096058,3.189096058,7.017407072,7.84249326
5.2125E+11,-6.509831699,0.361159707,0.117718644,0.117718644,0.972858085,1.126676957
5.21875E+11,-5.970418269,0.223250073,0.245160117,0.245160117,0.546150448,0.581984398
5.225E+11,-12.63169829,0.56684457,0.787565347,0.787565347,0.527605948,0.389805712
5.23125E+11,-9.361663239,2.318528122,2.249934221,2.249934221,2.152837471,2.153175533
5.2375E+11,-3.689443942,1.606101198,1.609084726,1.609084726,1.423465456,1.426212896
5.24375E+11,-6.31731455,3.270541985,3.445087425,3.445087425,2.836645642,2.732273091
5.25E+11,-10.40263369,3.584658355,4.120571402,4.120571402,3.161722506,2.839631043
5.25625E+11,1.672349971,0.65546141,1.049987875,1.049987875,1.780353003,1.776796925
5.2625E+11,1.649151026,0.225860352,0.081736834,0.081736834,0.626326191,0.634213559
5.26875E+11,-3.372767871,1.193361045,1.14485431,1.14485431,1.299570671,1.093939586
5.275E+11,-0.612767548,1.187605368,1.330128169,1.330128169,1.140634769,0.932780632
5.28125E+11,7.432810843,1.657516622,2.038724638,2.038724638,1.275032408,1.086520748
5.2875E+11,7.764730995,-1.432714142,-0.055470059,-0.055470059,-3.537378361,-3.928753675
5.29375E+11,1.768044507,0.017682174,-8.499218494,-8.499218494,-6.271936511,-0.453039477
5.3E+11,1.408482878,1.987398409,1.903365225,1.903365225,2.504142587,2.120085656
5.30625E+11,1.681988628,2.299623271,2.256859368,2.256859368,2.573804177,2.113224387
5.3125E+11,4.557190909,1.355140483,1.828072546,1.828072546,1.687479847,1.048149145
5.31875E+11,-0.1981829,-2.740592882,-2.562797738,-2.562797738,-2.794409371,-3.329031623
5.325E+11,1.663964779,-3.091257649,-3.088790206,-3.088790206,-2.696650983,-2.677168486
5.33125E+11,4.988104499,-0.332117957,-0.319887128,-0.319887128,-0.341450233,-0.421004986
5.3375E+11,1.776468357,0.559551763,0.852044296,0.852044296,0.170192244,0.211740997
5.34375E+11,-0.368613806,1.232452538,1.58244207,1.58244207,0.642921136,0.632675951
5.35E+11,-0.178251798,0.878252423,1.350548311,1.350548311,-0.050296442,-0.226078129
5.35625E+11,2.822347274,-5.200178729,-5.238457542,-5.238457542,-5.050603259,-5.416111251
5.3625E+11,2.216697438,-0.556594549,-0.531304207,-0.531304207,-0.511219535,-0.523521703
5.36875E+11,2.697412147,0.526101864,0.63633629,0.63633629,0.313754969,0.30872494
5.375E+11,1.474562694,0.370490979,0.478225046,0.478225046,0.181423743,0.178852493
5.38125E+11,1.163813889,0.663610008,0.817532763,0.817532763,0.360789461,0.353692468
5.3875E+11,0.282384451,0.07825884,0.601449339,0.601449339,-0.712057797,-0.424156576
5.39375E+11,-1.03112101,0.866183296,0.967406613,0.967406613,0.674592274,0.760330918
5.4E+11,-0.964363388,0.160060133,0.16121242,0.16121242,0.153249976,0.164237559
5.40625E+11,0.266129706,-0.006926563,-0.000337557,-0.000337557,-0.019432965,-0.020274243
5.4125E+11,0.838500528,0.110299318,0.150679787,0.150679787,-0.00717042,-0.020653989
5.41875E+11,1.82398208,3.128969613,3.106925906,3.106925906,2.433359961,2.179618102
5.425E+11,3.804262511,0.017059508,-0.111382817,-0.111382817,0.618586711,0.757200399
5.43125E+11,1.081063795,-0.876696524,-0.978459787,-0.978459787,-0.546615501,-0.532904861
5.4375E+11,-7.090860094,-0.44284316,-0.421400681,-0.421400681,-0.355242084,-0.504745023
5.44375E+11,-6.859640586,0.007280489,0.332578984,0.332578984,-0.251749038,-0.57833181
5.45E+11,-9.951576926,1.783175736,2.070004177,2.070004177,1.587773011,1.511157361
5.45625E+11,-18.70010923,1.851373659,2.096076003,2.096076003,1.965384047,1.899422111
5.4625E+11,-4.766072206,4.492596595,4.651608987,4.651608987,3.594161545,3.461715804
5.46875E+11,-4.879239534,3.59939544,3.802024051,3.802024051,3.361172808,3.31414944
5.475E+11,-15.69766638,0.19607458,-0.323093296,-0.323093296,1.672949236,1.803354323
5.48125E+11,3.371405854,0.488023471,0.367353068,0.367353068,0.928623129,0.876469021
5.4875E+11,2.936990627,0.429890307,0.478233519,0.478233519,-0.013360182,0.140926566
5.49375E+11,-1.753360245,-0.088875364,0.570670404,0.570670404,-0.7043828,-0.404538112
5.5E+11,-4.222782146,-7.114528226,-5.880362501,-5.880362501,-6.53419677,-6.683788768
5.50625E+11,0.724139765,-4.598424517,-4.813078081,-4.813078081,-4.569049959,-4.916209636
5.5125E+11,2.694676776,-1.052174572,-0.990077054,-0.990077054,-1.059240362,-1.16405019
5.51875E+11,-0.326884601,-0.156922594,0.019524714,0.019524714,-0.490748106,-0.438833108
5.525E+11,-0.374233304,-0.766376904,-0.421754437,-0.421754437,-1.317909898,-1.372877052
5.53125E+11,-0.524252988,-3.813798951,-3.573802721,-3.573802721,-4.613800202,-4.289718402
5.5375E+11,-1.238282148,-3.551415057,-3.455029969,-3.455029969,-4.015940373,-3.812799534
5.54375E+11,0.544306072,-1.30346348,-1.194301863,-1.194301863,-1.441206579,-1.50279748
5.55E+11,2.090156216,-0.825538721,-0.567679712,-0.567679712,-0.898957414,-1.042940619
5.55625E+11,2.540832014,-0.533061083,-0.234484728,-0.234484728,-0.727045801,-0.80383443
5.5625E+11,2.35409626,-1.025943828,-0.878879544,-0.878879544,-1.535766746,-1.501124873
5.56875E+11,-1.032189733,-1.183249829,-0.969702763,-0.969702763,-1.834103214,-1.530291965
5.575E+11,-4.996182159,2.297663489,2.192294692,2.192294692,2.486401995,2.49286019
5.58125E+11,-7.281599406,6.081803642,5.883314019,5.883314019,8.040309445,9.44126885
5.5875E+11,-3.172879968,0.883951573,0.666463801,0.666463801,1.083033437,1.278591937
5.59375E+11,-0.734375644,0.181551762,0.142311933,0.142311933,0.263955806,0.279036519
5.6E+11,1.43524533,-0.240672498,-0.151530769,-0.151530769,-0.465650301,-0.426652565
5.60625E+11,-2.925936429,1.137047684,0.687934782,0.687934782,1.841760937,1.73862089
5.6125E+11,-5.29548458,9.574369485,7.345273631,7.345273631,17.01279702,15.50433371
5.61875E+11,-5.300193584,9.234780288,10.22476636,10.22476636,7.419953536,7.340552125
5.625E+11,-3.97131088,3.261836659,3.377952794,3.377952794,2.959527027,2.943474072
5.63125E+11,-2.796328919,1.855356847,1.776140964,1.776140964,1.893253288,1.93971623
5.6375E+11,-0.702486856,0.311426558,0.27146962,0.27146962,0.358489743,0.373719493
5.64375E+11,14.53706756,-5.883913444,-6.418215811,-6.418215811,-6.043618724,-6.947559934
5.65E+11,4.680162972,0.42885394,0.016445159,0.016445159,2.122363132,2.18862162
5.65625E+11,1.584098062,-1.458394806,-1.715425836,-1.715425836,-0.861915532,-0.936248102
5.6625E+11,-0.090282009,-0.063294979,-0.098290319,-0.098290319,0.085575519,-0.101739316
5.66875E+11,-7.760205523,0.227871063,0.219066679,0.219066679,0.325796707,-0.041380873
5.675E+11,-18.90504181,-0.471305051,-0.443232747,-0.443232747,-0.48372275,-0.869083652
5.68125E+11,-11.46426539,2.574466585,2.58444496,2.58444496,2.454631987,2.183199871
5.6875E+11,-18.02602887,1.649869239,1.751601381,1.751601381,1.420470247,1.32772413
5.69375E+11,-9.520401913,-1.555588622,-1.677097536,-1.677097536,-1.218446359,-1.492416109
5.7E+11,-1.640167216,1.550418441,1.126636446,1.126636446,3.000869323,2.688434127
5.70625E+11,-1.579881602,0.136531712,-0.039976821,-0.039976821,0.584636536,0.518512882
5.7125E+11,-8.642006048,0.737739872,0.845441814,0.845441814,0.495791988,0.50199003
5.71875E+11,3.634164374,1.97428477,2.49739445,2.49739445,1.106477416,1.105921805
5.725E+11,4.449743456,0.482590963,1.693450082,1.693450082,-0.41082368,0.073665859
5.73125E+11,1.94297698,-4.89274484,-5.097042815,-5.097042815,-5.303087899,-5.17140444
5.7375E+11,-2.97499329,-1.166081447,-1.143752884,-1.143752884,-1.257230856,-1.301329244
5.74375E+11,6.671178021,0.239227531,0.39154091,0.39154091,-0.037406738,-0.054370477
5.75E+11,4.865145857,1.282091008,1.751634366,1.751634366,0.624012455,0.576075121
5.75625E+11,1.543966932,-0.427103631,0.63341392,0.63341392,-1.236616032,-1.190907601
5.7625E+11,-0.590744548,0.341026679,0.393367185,0.393367185,0.22777853,0.33064412
5.76875E+11,2.976604813,-0.51155544,-0.513496059,-0.513496059,-0.576686838,-0.608738165
5.775E+11,0.38052499,-0.000854146,0.01165034,0.01165034,-0.024866151,-0.028890851
5.78125E+11,1.687543496,0.334914353,0.463240128,0.463240128,0.117427388,0.1021554
5.7875E+11,-1.152045172,-0.395637147,-0.550917888,-0.550917888,-0.147586313,-0.153485429
5.79375E+11,-5.132165561,10.98453916,8.331248846,8.331248846,4.268789227,3.428360754
5.8E+11,-3.603380605,2.820853422,3.131007305,3.131007305,2.400870078,2.569397712
5.80625E+11,-5.272734193,2.173484168,1.857953271,1.857953271,2.763944219,2.787974205
5.8125E+11,-5.634164857,1.28040193,0.875553188,0.875553188,2.095359527,2.146160875
5.81875E+11,-5.289579101,-0.823956581,-1.178493276,-1.178493276,-0.028451783,0.06894283
5.825E+11,-4.651314018,-6.255158826,-6.333750412,-6.333750412,-5.544941318,-5.216247381
5.83125E+11,-3.609951477,1.049493341,1.816343033,1.816343033,-0.604772078,-0.60966647
5.8375E+11,-4.429753234,3.568579233,4.041021157,4.041021157,2.717722596,2.84969863
5.84375E+11,-1.780451073,2.110172502,2.233361083,2.233361083,1.892439804,1.936790982
5.85E+11,-1.214635825,4.262436396,4.2773391,4.2773391,4.030531024,4.147010677
5.85625E+11,-0.429230388,2.014150046,1.828245987,1.828245987,2.075157212,2.158223851
5.8625E+11,2.153005717,3.349226633,2.892827513,2.892827513,4.639657405,4.452481858
5.86875E+11,-3.968251578,-1.156226972,-1.571706739,-1.571706739,-0.226749569,-0.23140618
5.875E+11,-5.332442315,-2.472956321,-2.746781019,-2.746781019,-1.82096301,-1.896192921
5.88125E+11,4.764357887,0.951360278,1.188875495,1.188875495,0.714869671,0.796281916
5.8875E+11,6.68049974,4.204114047,4.888976978,4.888976978,2.824849665,3.209719019
5.89375E+11,-7.450478497,-0.661554045,-1.042360139,-1.042360139,0.2572776,0.818852125
5.9E+11,-16.1585758,4.745611887,4.696329624,4.696329624,4.634255112,5.116814401
5.90625E+11,-9.068388925,3.898990295,4.025307271,4.025307271,3.434933097,4.046358346
5.9125E+11,-6.931273946,2.276660691,2.52336814,2.52336814,2.101103752,2.615862089
5.91875E+11,-38.06293895,1.142575153,0.929934064,0.929934064,1.623264992,1.860586951
5.925E+11,-4.241740366,0.491823142,0.474285187,0.474285187,0.52377202,0.55193882
5.93125E+11,-1.004801079,1.959193566,2.217165735,2.217165735,1.386717089,1.409595698
5.9375E+11,-6.479762938,3.556627113,4.652265205,4.652265205,1.934778271,2.352395656
5.94375E+11,-7.443823525,-2.231822368,-3.681418678,-3.681418678,-1.066699042,-2.94153553
5.95E+11,14.91688569,-1.855512268,-1.618645442,-1.618645442,-1.692518256,-1.795144938
5.95625E+11,8.691555405,0.524338822,0.459933422,0.459933422,0.495162324,3.217861225
5.9625E+11,1.693051213,-0.547993402,-0.461540489,-0.461540489,-0.774410589,-0.855421527
5.96875E+11,-0.059007339,4.473066239,5.53300535,5.53300535,2.542839654,3.123284627
5.975E+11,10.39847459,-0.696526808,0.231454045,0.231454045,-4.113670186,-0.181811707
5.98125E+11,-3.607516832,2.501230663,2.88966962,2.88966962,2.091648976,2.171194586
5.9875E+11,-4.301302431,1.155171418,1.070076249,1.070076249,1.323957188,1.414644425
5.99375E+11,-5.335707211,0.556726305,0.342301873,0.342301873,0.941662365,0.985216927
6E+11,-2.272103244,-0.424692156,-0.598935894,-0.598935894,-0.118140472,-0.098473643
6.00625E+11,-4.707224043,-4.608760969,-5.02821053,-5.02821053,-3.622711982,-2.951780557
6.0125E+11,-5.818404627,1.181891557,2.096527855,2.096527855,-1.401284849,-1.67560842
6.01875E+11,-9.872667216,10.96363148,12.85898916,12.85898916,7.43170574,7.723064699
6.025E+11,-4.401869507,13.26866929,14.5812931,14.5812931,10.16568701,10.45405331
6.03125E+11,-3.186075462,7.287013954,6.401462254,6.401462254,8.365047925,8.449496701
6.0375E+11,-3.750511382,9.763669425,7.539067834,7.539067834,14.65428948,14.83278629
6.04375E+11,0.22325432,-0.07356201,0.177819926,0.177819926,-0.431292469,-0.443545824
6.05E+11,1.117384321,0.23317532,0.375886115,0.375886115,-0.058527585,-0.062283899
6.05625E+11,-2.249051651,-1.019046059,-1.154546041,-1.154546041,-0.773370404,-0.788014829
6.0625E+11,-5.52919301,-4.456257142,-4.678125296,-4.678125296,-3.955475664,-3.955151011
6.06875E+11,-5.417194291,-4.460865077,-4.60955153,-4.60955153,-4.070378867,-4.064634065
6.075E+11,-7.822789366,-9.979884115,-9.735343058,-9.735343058,-9.657955439,-9.703228293
6.08125E+11,-8.296748242,4.18423212,3.981621037,3.981621037,4.55277701,4.337290772
6.0875E+11,-11.19680997,-3.344662255,-3.749434782,-3.749434782,-2.15933967,-2.165646901
6.09375E+11,-12.61777441,-6.241462386,-6.503953111,-6.503953111,-5.340351865,-5.443775284
6.1E+11,-13.47126082,-9.512431478,-9.639870801,-9.639870801,-8.891187364,-8.959355074
6.10625E+11,-4.157754868,-4.236492756,-4.134641434,-4.134641434,-3.966525598,-3.976611813
6.1125E+11,6.62267447,0.161217865,0.028029378,0.028029378,0.584203313,0.600492316
6.11875E+11,3.56604211,1.716214546,1.742450094,1.742450094,1.590987634,1.634431867
6.125E+11,-4.121190266,2.045327653,2.280567609,2.280567609,1.489576048,1.535606163
6.13125E+11,-9.176808189,7.468766195,8.258293491,8.258293491,5.399934597,5.514463856
6.1375E+11,-4.428269858,0.582679673,0.594111438,0.594111438,0.840483712,0.823298363
6.14375E+11,-9.39003408,-0.38030275,-0.363170983,-0.363170983,-0.33331031,-0.324616137
6.15E+11,-12.90158072,1.729318623,2.013737196,2.013737196,1.252287206,1.288909317
6.15625E+11,0.367627937,3.111408538,3.592519016,3.592519016,3.138052308,3.288519849
6.1625E+11,4.8248003,-2.110050138,-2.362180328,-2.362180328,-0.742400826,-0.547381638
6.16875E+11,-4.085148426,-2.281509864,-2.297965612,-2.297965612,-2.371904863,-2.177808478
6.175E+11,3.948124902,-1.746941516,-1.371739625,-1.371739625,-1.651903124,-2.157896801
6.18125E+11,5.118867084,1.154281507,2.108657573,2.108657573,0.602510312,0.35505688
6.1875E+11,1.964256935,4.899163109,3.878555228,3.878555228,3.564455853,2.431347668
6.19375E+11,-2.417241199,9.849373967,10.62320259,10.62320259,4.66555698,8.450409643
6.2E+11,-3.479964487,1.688073734,1.355892739,1.355892739,1.645168452,1.397943212
6.20625E+11,-2.499938419,1.779296194,1.64275621,1.64275621,2.020234582,2.022726379
6.2125E+11,-2.534932355,1.910482238,1.533934756,1.533934756,2.505326865,2.480747188
6.21875E+11,-4.88200048,1.10521901,0.230932203,0.230932203,2.736702557,2.743936291
6.225E+11,-5.861271419,-4.575121054,-5.578115472,-5.578115472,-3.675217778,-3.614940185
6.23125E+11,-1.050747185,0.061812694,0.624380008,0.624380008,-1.504458165,-1.818842783
6.2375E+11,2.67184837,3.17399031,3.781465162,3.781465162,2.212494808,2.156552014
6.24375E+11,0.564500929,0.608916064,0.66884469,0.66884469,0.50555285,0.508559189
6.25E+11,1.774556997,1.295986862,1.401676784,1.401676784,1.113445321,1.106246203
6.25625E+11,-6.124574429,-6.547585351,-6.754697091,-6.754697091,-6.023873668,-5.844270493
6.2625E+11,-7.698099339,3.973410225,1.481180141,1.481180141,11.60413786,11.39119546
6.26875E+11,-8.959129228,0.197617626,-0.349014645,-0.349014645,1.626048014,1.893009597
6.275E+11,-12.09651279,-3.740294718,-4.273601153,-4.273601153,-2.559767639,-2.420920706
6.28125E+11,-9.258611511,-6.197777405,-6.477296313,-6.477296313,-5.471402932,-5.391809375
6.2875E+11,-9.18559145,-8.11548203,-8.380697715,-8.380697715,-7.370763067,-7.196889068
6.29375E+11,-11.93823379,-19.74228889,-20.85157835,-20.85157835,-18.67748466,-17.87812022
6.3E+11,-15.55174217,6.43337467,3.70872884,3.70872884,8.913307956,10.06780434
6.30625E+11,-16.45149076,-3.3489802,-4.123013573,-4.123013573,-1.497714198,-1.203238665
6.3125E+11,-10.06932454,-4.455090312,-4.743152083,-4.743152083,-3.638214838,-3.520338743
6.31875E+11,-7.81454361,-6.009858645,-6.159826673,-6.159826673,-5.471281214,-5.374612477
6.325E+11,-6.996142368,-8.397581577,-7.86772212,-7.86772212,-8.569744177,-9.097294962
6.33125E+11,-17.34675353,-2.839838133,-2.367563593,-2.367563593,-4.904856778,-5.425847668
6.3375E+11,-18.02085076,0.013618863,-0.595078677,-0.595078677,1.237346821,1.617183564
6.34375E+11,-11.78858271,-3.3508956,-3.725014349,-3.725014349,-2.364676335,-2.226161758
6.35E+11,6.634103171,2.376636957,2.486036484,2.486036484,1.943511173,1.897085084
6.35625E+11,-15.67192746,3.565726661,3.247953244,3.247953244,4.926128032,5.027680906
6.3625E+11,-7.190314207,0.303487832,0.195893233,0.195893233,0.698649808,0.749242296
6.36875E+11,-4.572830647,2.373895092,2.699567859,2.699567859,1.890882633,1.802264031
6.375E+11,-12.10863635,6.240134969,6.786075253,6.786075253,5.287850903,5.141175744
6.38125E+11,-6.837909886,-0.981720021,-1.17116241,-1.17116241,0.099938623,0.244102304
6.3875E+11,5.483231057,-3.885817937,-3.902225208,-3.902225208,-3.862644023,-3.783795071
6.39375E+11,10.30802109,-1.343265775,-1.190486469,-1.190486469,-1.585541932,-1.60082683
6.4E+11,0.849139726,0.006038548,0.034935398,0.034935398,-0.024298557,-0.031678728
6.40625E+11,-1.598461036,-0.709265119,-0.811935588,-0.811935588,-0.41243837,-0.472648035
6.4125E+11,-0.933400727,-1.047456005,-0.255427753,-0.255427753,-2.456634797,-3.110627098
6.41875E+11,-1.480711557,2.458563379,3.318298823,3.318298823,2.737697024,2.531767103
6.425E+11,-4.552468313,7.802642352,8.290671315,8.290671315,7.666361992,6.687683107
6.43125E+11,0.328876946,4.583154828,4.593868606,4.593868606,4.523981221,4.594971215
6.4375E+11,3.157240546,14.41394069,12.17785697,12.17785697,14.39675032,14.31234619
6.44375E+11,1.62997007,0.964976806,1.668889487,1.668889487,0.224945343,0.008556906
6.45E+11,2.384128533,0.036837309,0.165905655,0.165905655,-0.270346564,-0.28444295
6.45625E+11,-4.654237875,-1.095183415,-1.32279226,-1.32279226,-0.656557715,-0.659347236
6.4625E+11,-7.853128021,-4.51694668,-4.858861685,-4.858861685,-3.738192515,-3.720226203
6.46875E+11,-7.664482105,-6.111822653,-6.380071132,-6.380071132,-5.352872149,-5.308617221
6.475E+11,-11.25600589,-11.79595553,-12.11635197,-12.11635197,-10.7198002,-10.62112367
6.48125E+11,-12.7777416,2.476811425,-0.114283927,-0.114283927,3.953335393,3.301292146
6.4875E+11,-10.17260865,0.376955201,-0.66843284,-0.66843284,2.969031984,3.336182718
6.49375E+11,-9.720205756,-3.981074254,-4.628556989,-4.628556989,-2.507519253,-2.291038209
6.5E+11,-11.63462435,-8.02885581,-8.456495496,-8.456495496,-6.992194522,-6.837979152
6.50625E+11,-16.21710687,-12.57160363,-13.03278987,-13.03278987,-11.47482216,-11.42921545
6.5125E+11,-14.80276353,-8.888119074,-9.89660668,-9.89660668,-9.517847843,-10.06849341
6.51875E+11,-12.40344178,12.71395034,8.249745104,8.249745104,10.27621216,7.616427826
6.525E+11,-12.34918502,-1.026608421,-1.985304363,-1.985304363,1.753039513,2.670440332
6.53125E+11,-15.07874071,-8.791807142,-9.279664571,-9.279664571,-7.574669659,-7.196580633
6.5375E+11,-14.80224975,-12.83365868,-13.11448742,-13.11448742,-11.74026781,-11.44892293
6.54375E+11,-16.08150802,-28.39505417,-32.31022702,-32.31022702,-28.75130232,-28.53817526
6.55E+11,-15.79748882,1.273135649,2.552856991,2.552856991,-3.153105477,-3.889132762
6.55625E+11,-16.17581362,1.862031825,0.75889325,0.75889325,3.983335431,3.815264052
6.5625E+11,-15.03327315,-4.833673679,-5.403912627,-5.403912627,-3.255908585,-2.930531322
6.56875E+11,-9.199102675,-6.977415561,-7.103113969,-7.103113969,-6.281217812,-6.167457414
6.575E+11,-2.434723544,-2.159076821,-2.066212781,-2.066212781,-2.346429045,-2.382770797
6.58125E+11,4.19999503,0.522037684,0.360147088,0.360147088,0.907421201,0.983130693
6.5875E+11,-16.40993136,1.350401535,1.522075587,1.522075587,1.070261998,1.016101485
6.59375E+11,-7.028783823,4.605977773,4.903599545,4.903599545,4.108807455,3.958689398
6.6E+11,-4.123319941,-1.979114793,-2.145685668,-2.145685668,-1.237927561,-1.25360655
6.60625E+11,-11.66790622,-2.890465948,-2.96130641,-2.96130641,-2.826201267,-2.856560683
6.6125E+11,-2.195901329,-1.656204713,-1.469039126,-1.469039126,-1.917343555,-1.945877486
6.61875E+11,1.242862531,-0.605166566,-0.346919967,-0.346919967,-1.020396541,-1.06827774
6.625E+11,0.540478448,0.504105594,0.604774633,0.604774633,0.197903075,0.163197227
6.63125E+11,-1.02361452,-0.453964084,-0.230195716,-0.230195716,-0.885392151,-1.153640596
6.6375E+11,5.712902147,4.311304092,3.890483232,3.890483232,2.220560721,1.966279429
6.64375E+11,2.129988787,1.391372202,1.465616891,1.465616891,1.192524634,1.141487874
6.65E+11,8.359590741,10.38198281,12.55456834,12.55456834,9.077200748,8.958040769
6.65625E+11,-3.792298149,-2.574069749,-2.816124977,-2.816124977,-2.280997941,-2.223251218
6.6625E+11,-8.45728479,-0.948016374,-3.598702979,-3.598702979,2.832429105,2.627857828
6.66875E+11,-7.12695534,1.02421098,0.402786157,0.402786157,2.56530104,2.747330586
6.675E+11,-10.05104956,-2.947303452,-3.575921715,-3.575921715,-1.460654458,-1.296325182
6.68125E+11,-11.45476189,-6.554710315,-6.966913141,-6.966913141,-5.608256311,-5.473044722
6.6875E+11,-10.37350614,-7.665185387,-8.08743981,-8.08743981,-6.621729352,-6.419581043
6.69375E+11,-9.990716844,-10.73023917,-11.42026348,-11.42026348,-9.766829223,-9.516560134
6.7E+11,-10.56499831,3.877367221,1.00286065,1.00286065,5.548952871,5.130786947
6.70625E+11,-12.87583108,1.818403442,0.073327177,0.073327177,5.570277199,6.394898846
6.7125E+11,-13.08878073,-4.304950908,-5.106365428,-5.106365428,-2.693635176,-2.341503453
6.71875E+11,-10.59119525,-8.426300413,-8.866346977,-8.866346977,-7.344812588,-7.094323041
6.725E+11,-8.943288231,-11.71903713,-11.82430603,-11.82430603,-11.08942186,-10.97226769
6.73125E+11,-10.31265483,-6.285671956,-6.932964036,-6.932964036,-6.74645729,-6.716376468
6.7375E+11,-12.0328693,4.805572866,3.074043224,3.074043224,6.213269308,6.031157186
6.74375E+11,-7.366231335,0.685332704,0.193560025,0.193560025,1.62406306,1.728983222
6.75E+11,-6.585347437,-3.503026937,-3.781683521,-3.781683521,-2.676264297,-2.613417274
6.75625E+11,-1.020545744,-0.434242991,-0.609480376,-0.609480376,-0.161703612,-0.095393966
6.7625E+11,-13.59068059,-11.81833034,-12.62467033,-12.62467033,-13.09603479,-12.91838725
6.76875E+11,-13.45002842,1.985648878,4.835612606,4.835612606,-1.912757313,-2.604591742
6.775E+11,-11.02507212,-0.324631763,-0.959591027,-0.959591027,0.177563809,0.132128774
6.78125E+11,-12.32986368,-5.26558105,-6.104700343,-6.104700343,-3.456474146,-3.084451272
6.7875E+11,-12.20616023,-9.889625169,-10.21258751,-10.21258751,-8.801118514,-8.629934904
6.79375E+11,-4.282745639,-5.844164586,-5.690993352,-5.690993352,-6.202788598,-6.226412487
6.8E+11,-0.070485598,0.15946114,0.069133045,0.069133045,0.372619915,0.401247611
6.80625E+11,-2.441873938,0.544980925,0.607078816,0.607078816,0.525121542,0.559453474
6.8125E+11,-7.790896618,2.390737863,2.836929809,2.836929809,1.681850498,1.622422494
6.81875E+11,-15.11930479,0.196933576,-0.078513769,-0.078513769,1.314597457,1.522875484
6.825E+11,-4.238690158,-6.068749181,-6.080822507,-6.080822507,-6.00582848,-5.95228485
6.83125E+11,2.739954603,-3.664475366,-3.456661464,-3.456661464,-3.969361497,-3.945830724
6.8375E+11,-5.435244803,-0.92397064,-0.650515607,-0.650515607,-1.41288092,-1.411539364
6.84375E+11,0.215019427,-0.117880586,-0.132330744,-0.132330744,-0.036774507,-0.038984916
6.85E+11,1.270653612,-0.207199293,-0.024279052,-0.024279052,-0.738164981,-0.722264899
6.85625E+11,1.381631647,0.759648736,0.842904832,0.842904832,0.568838741,0.537314617
6.8625E+11,-8.179495436,-3.473367111,-3.72446081,-3.72446081,-3.214366363,-3.020573497
6.86875E+11,-13.29538882,-10.93389896,-10.32046034,-10.32046034,-10.10673678,-9.313752924
6.875E+11,-5.631367452,-6.989193223,-7.128646864,-7.128646864,-5.331849202,-5.170968675
6.88125E+11,-10.22850056,4.389794549,13.88435378,13.88435378,2.492631186,-1.99003912
6.8875E+11,-11.76693253,1.455514873,0.477006314,0.477006314,4.511107954,5.01570661
6.89375E+11,-11.1259248,-3.954456822,-4.629944051,-4.629944051,-2.163485038,-1.782437193
6.9E+11,-9.646176812,-6.877703915,-7.333558727,-7.333558727,-5.75929628,-5.465114825
6.90625E+11,-10.49064817,-8.702074378,-9.236471223,-9.236471223,-7.499192132,-7.212547954
6.9125E+11,-12.45330199,-9.460178067,-10.42923272,-10.42923272,-9.243753529,-9.445851883
6.91875E+11,-9.669302919,3.561639548,1.75145583,1.75145583,4.036379155,3.684110611
6.925E+11,-6.573551918,1.094061465,0.158860816,0.158860816,3.202598076,3.694929061
6.93125E+11,-8.386175344,-3.695614733,-4.190165878,-4.190165878,-2.438132026,-2.111779608
6.9375E+11,-11.17384953,-6.963912425,-7.440440112,-7.440440112,-5.642949539,-5.331254615
6.94375E+11,-7.517845955,-8.952518352,-9.366571087,-9.366571087,-8.591699926,-8.658524357
6.95E+11,-5.778937229,-3.236294181,-3.819234953,-3.819234953,-3.579744823,-3.636234281
6.95625E+11,-2.999978434,1.069979983,0.738556269,0.738556269,1.422625351,1.493959162
6.9625E+11,1.448721478,0.414550631,0.557950852,0.557950852,0.294842937,0.306536
6.96875E+11,-1.195104036,-0.420233438,-0.0651606,-0.0651606,-0.547733777,-0.548814161
6.975E+11,0.486362822,-0.25979485,0.054576562,0.054576562,-0.478436992,-0.5213601
6.98125E+11,-9.667193003,-2.952208886,-1.269638021,-1.269638021,-6.213540226,-6.824289241
6.9875E+11,-9.598373861,0.418909572,1.077420114,1.077420114,-1.222370942,-1.647696462
6.99375E+11,-7.343471014,-0.352659049,-0.791757582,-0.791757582,0.045149253,-0.032499269
7E+11,-6.744769986,-3.766705447,-4.481142311,-4.481142311,-1.980129408,-1.809900829
7.00625E+11,-5.105229073,-8.33873159,-8.556286887,-8.556286887,-6.958303906,-6.63412366
7.0125E+11,-4.344047418,-5.831486259,-5.933043767,-5.933043767,-6.941202278,-7.014082976
7.01875E+11,-2.388867268,-0.234354461,0.062245133,0.062245133,-0.974109919,-1.060341373
7.025E+11,-6.985103551,1.025124256,1.132756772,1.132756772,0.910093149,0.940556974
7.03125E+11,-7.279447031,2.192335974,2.797107483,2.797107483,1.689405397,1.611475653
7.0375E+11,-4.555002358,1.708704686,1.861018987,1.861018987,2.161724817,2.189728254
7.04375E+11,-12.14142766,-5.459545228,-5.493294772,-5.493294772,-5.385733006,-5.353749811
7.05E+11,-10.7459865,-4.844422969,-4.610865595,-4.610865595,-5.248969177,-5.308796883
7.05625E+11,-3.812882402,-2.533971563,-2.272779687,-2.272779687,-3.157940185,-3.204838293
7.0625E+11,-3.376657779,2.74588122,3.365772895,3.365772895,0.781954252,0.423076593
7.06875E+11,-5.087173222,0.074702465,-0.092274552,-0.092274552,0.713705694,0.864835074
7.075E+11,-2.131415902,-0.756876293,-0.835314203,-0.835314203,-0.583022401,-0.544113271
7.08125E+11,-3.610090041,-2.325337059,-2.43032267,-2.43032267,-2.074085523,-2.013483357
7.0875E+11,-6.332584925,-4.343264543,-4.535989182,-4.535989182,-3.975000823,-3.63408032
7.09375E+11,-8.247897018,-12.9248137,-12.21676072,-12.21676072,-11.76014581,-13.57439591
7.1E+11,-8.259235103,6.23868444,-3.50240311,-3.50240311,5.060948171,1.893650464
7.10625E+11,-9.052045269,1.497259952,0.044234552,0.044234552,6.546459435,8.107897625
7.1125E+11,-11.31190558,-4.461770981,-5.151416085,-5.151416085,-2.663496765,-2.336656261
7.11875E+11,-11.42244076,-7.146121657,-7.66306403,-7.66306403,-5.957806523,-5.704603875
7.125E+11,-7.800894311,-9.850679519,-10.06951515,-10.06951515,-9.129061689,-8.958566279
7.13125E+11,-7.368834057,-7.377841927,-8.272593441,-8.272593441,-7.932711441,-8.184535132
7.1375E+11,-8.197359132,1.121073529,0.46094588,0.46094588,0.67740895,0.401162717
7.14375E+11,-6.609237924,0.189490383,-0.241668369,-0.241668369,0.806144712,0.904451045
7.15E+11,-4.339994064,-1.848789978,-2.015329665,-2.015329665,-1.415232636,-1.296075105
7.15625E+11,-2.853923196,-3.961695376,-4.073514818,-4.073514818,-3.420095109,-3.334027413
7.1625E+11,-2.326090675,-7.261538228,-7.45580943,-7.45580943,-7.278734685,-7.198953869
7.16875E+11,-5.980430292,-1.738240978,-1.958435527,-1.958435527,-2.165804775,-2.281218444
7.175E+11,-1.21023914,0.284078936,0.282142077,0.282142077,0.207556182,0.184890672
7.18125E+11,-1.958296749,-0.404124312,-0.740144545,-0.740144545,0.129062072,0.244978058
7.1875E+11,-0.586622428,-0.358081307,-0.535559535,-0.535559535,-0.086448674,-0.022341044
7.19375E+11,-1.028397652,0.821701313,-0.115298932,-0.115298932,2.015158362,2.26203658
7.2E+11,-2.190906255,3.096648744,3.998586774,3.998586774,0.493177577,0.046937295
7.20625E+11,-1.619109565,0.068363081,0.049429639,0.049429639,-0.276470544,-0.306078036
7.2125E+11,-3.233217328,-0.143685073,-0.67024792,-0.67024792,0.325077742,0.377253828
7.21875E+11,-3.099675677,-2.252238629,-2.872213596,-2.872213596,-0.977111561,-0.675697627
7.225E+11,-0.169466015,0.410220982,0.721095946,0.721095946,0.045226273,-0.052598838
7.23125E+11,-0.356382578,-0.413607815,-0.612068948,-0.612068948,-0.064084023,0.05107472
7.2375E+11,0.302849076,-0.006019188,0.0534243,0.0534243,-0.119164619,-0.149984913
7.24375E+11,-0.308095047,0.045131314,0.069264315,0.069264315,0.028030786,0.0294876
7.25E+11,-5.577348252,0.760662862,1.324270435,1.324270435,-0.038562439,-0.264617023
7.25625E+11,-12.90013107,-7.02983614,-7.274454926,-7.274454926,-6.504194926,-6.77994767
7.2625E+11,-6.50805779,-6.44952629,-6.552640418,-6.552640418,-6.435849194,-6.525896003
7.26875E+11,-3.510135983,-2.098267346,-1.882079774,-1.882079774,-2.535871034,-2.630279019
7.275E+11,-9.511458795,-1.25069229,-0.964200328,-0.964200328,-1.91157902,-2.089533078
7.28125E+11,-6.594958747,4.411945681,5.624637134,5.624637134,1.819182201,2.069926885
7.2875E+11,-5.189457762,-0.21449751,-0.499008538,-0.499008538,-0.009497742,1.008708804
7.29375E+11,-7.387263264,-2.5835209,-3.100864304,-3.100864304,-1.979865197,-1.944945115
7.3E+11,-6.944422349,-4.086314732,-4.335999537,-4.335999537,-3.630779169,-3.526230997
7.30625E+11,-6.190568128,-6.819656398,-7.077357466,-7.077357466,-6.152280537,-5.671674827
7.3125E+11,-2.212990305,-24.48995257,-25.31914003,-25.31914003,-17.86006947,-20.19158354
7.31875E+11,-12.09186207,4.577783338,-5.564318624,-5.564318624,-5.497911466,-3.771748606
7.325E+11,-3.129368875,3.552265929,0.761112616,0.761112616,-0.166071595,-0.493973073
7.33125E+11,-6.966605114,-10.09432421,-8.150955068,-8.150955068,-8.730786286,-6.394784767
7.3375E+11,-7.567143348,-8.891543,-8.278699161,-8.278699161,-3.834927765,-7.568717151
7.34375E+11,-7.772105406,-11.88171815,-12.32863269,-12.32863269,-12.657945,-11.7701128
7.35E+11,-8.922121466,-4.896679267,-5.692711495,-5.692711495,-5.995760086,-6.053568332
7.35625E+11,-4.612187588,0.956890279,0.28004855,0.28004855,1.436573497,1.455726529
7.3625E+11,-1.782662815,-0.035242985,0.007242126,0.007242126,0.057172662,0.044079792
7.36875E+11,-3.691782956,-2.561492876,-2.681738102,-2.681738102,-2.258875852,-2.139006261
7.375E+11,-2.591085059,-3.638156779,-3.442404812,-3.442404812,-3.772372944,-3.632596074
7.38125E+11,-0.606302676,-1.656163054,-1.798167043,-1.798167043,-1.64007813,-1.532336969
7.3875E+11,-0.260014014,-0.205044167,-0.135140054,-0.135140054,-0.403438253,-0.364716352
7.39375E+11,-0.138060729,0.154584948,0.106344447,0.106344447,0.048347241,0.051702601
7.4E+11,0.199275674,-0.240393828,-1.179771448,-1.179771448,0.451354504,0.597448995
7.40625E+11,0.692222251,-1.057218631,-1.624300562,-1.624300562,-0.087169956,0.200330719
7.4125E+11,0.228888961,1.673824807,1.7476521,1.7476521,1.905307914,2.167076303
7.41875E+11,-0.360435112,0.722069442,0.568760496,0.568760496,0.298170642,0.429245437
7.425E+11,0.009019508,-0.002105225,-0.001995076,-0.001995076,0.002016146,-0.001481816
7.43125E+11,-0.523725762,0.009975363,-0.08777082,-0.08777082,-0.238151081,0.015249247
7.4375E+11,0.868186319,0.893212973,-0.042163624,-0.042163624,0.730846383,0.756703466
7.44375E+11,0.093586475,1.634000251,2.304543381,2.304543381,1.897358566,2.194142749
7.45E+11,-0.467095834,-0.540334963,-0.574394509,-0.574394509,-0.464251867,-0.396715186
7.45625E+11,-0.523472856,-0.11213769,0.043381671,0.043381671,-0.012152285,-0.015744297
7.4625E+11,8.971726917,-8.450962417,3.734030442,3.734030442,8.133844562,6.652887876
7.46875E+11,-9.674598691,-12.40816066,-4.004931263,-4.004931263,-10.86911193,-7.854980554
7.475E+11,-0.832508653,-2.233753962,3.429579412,3.429579412,0.254066972,-1.274700186
7.48125E+11,-6.637901067,-4.811102574,-5.710265201,-5.710265201,-7.936083526,-9.20142062
7.4875E+11,-10.54323322,-4.084644643,-4.157562703,-4.157562703,-9.316366624,-4.942084066
7.49375E+11,-0.308787992,-0.188311737,1.053107496,1.053107496,-1.893715123,-0.669864226
7.5E+11,-4.459549106,1.969044946,-6.242656696,-6.242656696,0.124856576,0.432670145