fe,83094.49139045768
game,43631.672126168676
corrin,39396.38380247276
units,37982.897272947914
awakening,37872.55254421729
like,32942.633562011244
emblem,31996.905642781894
fates,30770.915139697416
chapter,30548.201362604625
chrom,25534.42309782244
really,25004.524652778502
unit,24616.88490053598
characters,24071.708261331292
character,23585.985889383137
would,23359.745884367996
conquest,20558.557685208278
good,20385.601273246928
get,19787.592041238448
games,19423.484548911947
even,19421.936726754284
nohr,19153.733863832244
think,19121.913405633608
ike,18576.95590531542
fire,18005.140382141424
much,17214.30337370549
lucina,17113.72224186086
birthright,16984.97127053859
use,16544.41568688506
pretty,16524.756569527115
though,16341.764097090816
better,16158.036319951028
gt,15679.364626831495
well,15491.671719866225
supports,15332.640015518184
hoshido,15178.137937177058
still,15066.020096476104
growths,14872.864831360232
ryoma,14860.248913011319
support,14694.276435735628
actually,14682.963108162416
people,14428.227530827417
camilla,14317.525875083915
knight,14295.692257412356
level,14196.647096939563
could,13847.209481659878
make,13710.528909331862
eliwood,13670.037838279808
class,13635.858368128944
azura,13558.374624934806
marth,13441.46277772234
map,13322.126776221656
stats,13259.423723750371
best,13166.763225848888
know,12890.571375056463
since,12862.618675322019
xander,12830.111090929966
time,12605.97656082197
way,12194.99022942338
fireemblem,12040.628857526905
enemies,11928.767055342429
skill,11921.62481801184
bad,11857.24235193489
probably,11814.889192455272
lyn,11780.694386237928
hector,11754.843065629015
got,11676.171019466226
takumi,11542.55072487413
play,11477.645529799898
enemy,11467.789121310285
chapters,11437.408216424714
weapon,11314.776548695798
first,11255.694149191473
tellius,11247.190339985122
see,11230.311999152878
speed,11205.879697020086
lunatic,11205.544048251091
say,11172.338802232907
lot,11066.776470906147
dlc,11015.30921940472
magic,10983.601330616264
weapons,10681.425673612915
robin,10524.874345406159
sword,10515.323774446355
never,10265.876192665228
yeah,10260.046336369649
go,10017.376477334416
eirika,9992.704413223086
hard,9858.711285682237
least,9810.74052169493
skills,9734.576391253288
played,9709.015921616634
dragon,9663.825468160623
thing,9642.47198399118
tharja,9617.045762360427
going,9575.224889004163
ephraim,9556.074875225506
thracia,9551.602012645748
something,9541.853839367852
mozu,9476.537823843311
series,9414.29554308246
great,9379.866172304935
hinoka,9345.026965933728
point,9328.226528291942
makes,9249.936855801043
crit,9241.341208074346
elise,9216.574090285054
stat,9126.235343342614
need,9110.655968287252
give,9110.653003246302
story,9000.058132324968
sumia,8926.314927319085
right,8899.330847366919
always,8895.559712271925
owain,8819.677541300232
playthrough,8715.389257276196
gameplay,8708.938686900274
every,8701.129496936801
two,8651.539401207674
sure,8645.348698117627
gba,8632.512716922101
laslow,8446.299367300437
roy,8396.403399493982
niles,8380.488095942195
mode,8291.711993994762
feel,8286.023877010843
enough,8268.735381906758
effie,8249.688754574201
reclass,8224.120451809758
hit,8202.447208776075
cordelia,8200.026174411982
wyvern,8196.437735539512
mean,8130.009956376521
severa,8066.8910821798045
galeforce,8030.068458741871
beruka,7980.999036783314
oh,7976.942598210016
kill,7946.805016030947
kaze,7920.272647319375
odin,7885.1480454677
micaiah,7870.74025619902
everyone,7864.981695678617
lord,7845.74852832016
love,7808.789820476399
gaiden,7805.7111452330955
nowi,7763.365929571331
str,7758.665319701907
damage,7724.568886892243
playing,7684.301022056503
pair,7672.541636725877
rank,7619.330664734092
ds,7608.595212132145
gets,7578.458868584215
maybe,7576.841130445586
silas,7570.260399580683
garon,7519.320865656533
using,7500.339718853622
exp,7475.093324441926
sigurd,7410.42896229533
turn,7407.413315447906
lissa,7370.909249302647
either,7368.969159355363
things,7367.46390287373
avatar,7352.920396526629
made,7318.562076252976
rd,7309.036922058899
http,7268.934503943876
already,7233.436488767105
oboro,7222.000045758781
bit,7199.340167349203
favorite,7184.868860474531
growth,7172.877806400213
mage,7171.5575360106295
someone,7167.250606969258
x,7156.73306735822
back,7154.751358570863
soren,7105.656514119263
might,7084.012945125696
maps,6978.556570651778
strength,6970.912084062344
different,6929.6118993388745
fun,6868.897723407126
hp,6857.964391974908
run,6787.43710706815
said,6777.859075753188
getting,6757.592401704661
serenesforest,6755.54729771081
selena,6749.501556152204
reason,6733.042077617891
guess,6724.205412505942
part,6723.780368944591
classes,6718.214522789115
many,6667.950692538295
attack,6612.022828209437
around,6588.97278693837
donnel,6585.19765058897
dark,6584.92086552049
jakob,6578.947601940037
anything,6549.803652924906
kamui,6531.598534529539
felicia,6531.503123398933
radiant,6513.368145675705
laguz,6503.037851023453
saizo,6491.868919371889
thanks,6422.177153502434
far,6358.308968505086
worst,6351.552787997755
thought,6317.440935014205
boss,6306.259743456658
axe,6280.104239133967
inigo,6271.098372055406
shit,6266.108510243293
rinkah,6188.061627706796
range,6184.506858276183
sacred,6095.8101826628545
revelation,6082.474879594673
less,6061.934752048484
yes,6057.839751869465
bartre,6056.43119910971
nintendo,6030.801220483033
used,6021.681463871096
sakura,6015.382840068815
else,5969.012734076384
dawn,5961.794401799253
battle,5953.35853193124
kind,5951.02572930719
cool,5926.812644089389
little,5878.379697904839
leo,5861.3788207471625
swordmaster,5854.348181213342
base,5839.078601907628
reclassing,5795.255999094254
elincia,5786.580368953949
endgame,5782.609570283797
especially,5776.426464116262
bow,5773.919712608317
pick,5672.402543245933
basically,5669.838626511795
stones,5664.92094895127
able,5634.859761163904
vaike,5617.218260463884
second,5606.870640305991
knights,5603.847500959845
everything,5599.2973547272695
defense,5594.138304673202
early,5575.901875806485
grinding,5575.851777624652
staves,5571.721419466338
lance,5570.842237421036
imgur,5539.964372550354
ricken,5536.016385787383
kellam,5518.179055594695
main,5490.321615094777
another,5462.3003596601675
paralogue,5461.176570944451
team,5451.549228726823
nino,5444.951155146691
spd,5430.77492441341
let,5424.605424976615
nice,5409.154018217113
without,5404.634295800324
new,5385.680845673645
seems,5380.1802640111555
general,5371.1799012927
instead,5363.666015994122
difficulty,5360.674051339835
ever,5347.510980546481
morgan,5341.597181081716
promoted,5318.400049139971
marry,5307.947529212064
lilina,5281.402717696064
kana,5273.344377308812
peri,5245.390113614313
keep,5237.875332930821
nyx,5232.070392363935
fight,5207.571967892112
anyone,5203.503051957712
virion,5200.32727084141
seal,5163.712639942999
work,5145.279423829058
castle,5143.704720306805
maribelle,5140.757720385018
interesting,5132.486425409251
looks,5125.929399788268
sothe,5111.040961056884
player,5103.016520662623
long,5016.631469993078
put,5012.700534124859
almost,4996.069794927532
try,4988.561787197374
kinda,4982.929079168751
easy,4979.098146196433
female,4946.248110051508
bexp,4936.770183222568
making,4930.356861562845
start,4924.472387870783
hero,4912.581353704602
guy,4908.835967560835
levels,4897.241486859686
edit,4894.838275055718
nothing,4883.966599748741
caeda,4883.0167962300075
seth,4868.607131462705
definitely,4864.506776857627
def,4863.490288242495
normal,4860.938027009334
luck,4858.864978818943
fact,4850.406966979207
grima,4837.923115538848
azama,4833.562796925105
save,4828.059823461399
pegasus,4817.476738914999
next,4810.239507965577
whole,4807.33748739917
last,4806.26501922893
yet,4801.3351762473685
swords,4780.716902521637
florina,4771.144013238246
rng,4767.527804202813
plot,4759.727321981086
combat,4756.312548514299
useful,4742.151855938475
path,4735.682881498883
sense,4715.135294837256
gaius,4711.280838636563
shinon,4687.785286039594
design,4686.664489700498
fine,4683.963196462076
stahl,4683.483212433966
honestly,4669.605781295595
beat,4665.539745504336
problem,4659.741762718085
look,4659.426166570042
waifu,4657.09739140121
mages,4653.592223574944
rather,4649.960568133457
paladin,4649.921814219449
change,4649.848913049
titania,4649.734248645163
zihark,4647.9588272237315
done,4641.668556687296
high,4641.3400088409935
radiance,4631.166988403488
tier,4620.088990223354
stuff,4617.921301726534
gives,4616.327518800581
children,4594.743030457369
subaki,4566.83951745104
promote,4558.7640357215905
wait,4557.55369830219
bases,4556.50701285844
fighter,4551.059749821341
recruit,4550.880546344491
japanese,4539.1564724503805
lon,4528.6229804893255
low,4520.052381615907
pairing,4505.391085961417
lol,4505.28119473177
arthur,4500.170191562083
hair,4498.107335429403
staff,4491.0548843881115
may,4478.600494574134
smash,4475.147981860873
side,4471.55138935122
seliph,4462.820203930535
mag,4454.363613859866
wrong,4454.008318775866
ch,4437.997765002776
fuck,4436.270140328066
true,4436.065608820839
grind,4434.462935963704
hate,4424.175002169949
anyway,4408.906323282897
idea,4403.873751066864
promotion,4389.738739225074
axes,4389.708511823543
ones,4388.145053200025
sain,4373.981901449933
however,4368.910555777462
quite,4368.215938760598
gonna,4358.841519370464
gerik,4357.868003388866
agree,4353.783550631033
hoshidan,4342.003668756214
trying,4340.861577543412
turns,4336.255358548404
bonuses,4329.3948180651505
remember,4312.904143627438
route,4289.440457548508
child,4286.271706342959
move,4276.255965682195
nohrian,4271.614529259513
literally,4263.644043704958
thread,4257.947047868897
version,4246.425953736365
miriel,4245.337415249818
genealogy,4244.894899912759
find,4231.460709932931
kagero,4231.164733177029
unless,4220.732315794788
cormag,4213.205651357343
except,4205.087445283193
army,4199.535707795559
means,4191.485158334978
casual,4176.452697535579
strong,4162.710280561647
chance,4149.3207511656965
help,4133.471353451792
caeldori,4122.994955098714
sorry,4108.175406821249
tiki,4101.987194798397
shigure,4100.744595658272
comes,4100.118085809894
frederick,4098.894655191231
anna,4078.7018123939506
canas,4076.82487592908
personality,4070.7257091889305
saying,4067.8056942629405
male,4053.2492538059523
cherche,4049.4292289098785
worth,4043.891371922303
completely,4043.163228798968
cath,4042.6954897226315
usually,4019.324454449906
god,4005.887161409621
real,4004.3828734854637
archer,3981.078572701594
rhajat,3973.9635841388845
arachel,3968.251834417963
olivia,3965.0671547335346
marcus,3964.1457158093854
archers,3959.1933700889176
master,3940.7359365680454
due,3939.7288045190057
luna,3938.840506072847
worse,3927.898149189463
final,3926.5261703409988
post,3924.6517973730934
mind,3903.5700801857392
possible,3902.032742987167
system,3896.3331363280827
fucking,3889.3356585723154
shadow,3881.1212650650173
big,3878.9975012376763
ninja,3853.9121987991025
killing,3845.276834507499
nephenee,3839.3501495599216
case,3833.0214622141566
pmu,3829.25571785822
opinion,3820.3149463380782
matter,3815.730822828089
art,3811.9906345144555
seals,3811.7635433826035
reinforcements,3810.2034480624307
hana,3807.0650007707386
points,3774.9299232590274
times,3768.4760100021995
example,3767.556056473008
entire,3752.278629447792
gunter,3747.645170380208
https,3740.1886072749066
hell,3738.492133482285
leif,3738.266652180059
setsuna,3732.8368539722183
flair,3732.6040980015173
strategy,3731.6358367377225
amazing,3717.0990270468396
yarne,3713.4998648010073
soleil,3712.2981545676325
gerome,3709.629517556799
super,3707.2530418032775
wanted,3699.7499151276425
charlotte,3698.367163055024
ophelia,3682.6736152152553
gen,3673.913394471712
question,3669.9614204392433
seen,3654.3690052923253
paired,3650.060807422846
later,3648.3974244429237
draft,3625.6062613571253
skl,3616.6264787462796
top,3614.322321857457
orochi,3614.0878267553076
png,3603.21470270176
jill,3602.86257044585
gregor,3601.5739852817705
lords,3600.440626051357
flier,3598.096337134841
higher,3585.702352761658
death,3584.7010111590944
ninian,3577.4064712664112
kids,3576.0366549781565
revelations,3543.424689715857
half,3542.187161843383
awesome,3540.817773452684
hinata,3537.9276797680723
tomes,3537.4930464929853
pairings,3530.836894524657
double,3530.5641466743655
three,3527.319004683411
b,3525.6933406387425
decent,3513.2180594049178
okay,3508.9203515027884
r,3495.0935562283826
based,3492.0166055344635
anankos,3477.971704151062
hayato,3473.4200111529217
certain,3468.020667652591
easily,3456.4735856890693
others,3448.4125308415732
personally,3438.572916580535
lances,3408.186097666593
special,3406.414623590108
armor,3404.955787080117
bows,3401.6402291201025
kjelle,3400.7101694934718
needs,3378.407080837433
fan,3370.9789866525107
panne,3357.3347566792872
father,3350.2933757845244
damn,3346.2119946517732
experience,3345.4368958319146
rescue,3341.1057006825163
jagen,3340.338428350884
thank,3332.3858076720803
jaffar,3329.3037476701224
walhart,3327.9081195405493
weird,3319.1310624651705
watch,3316.4375722307623
dorcas,3314.7929356581826
sully,3314.5217061453195
important,3310.676210143808
believe,3303.182012892133
erk,3302.44364190939
left,3300.833853430408
killed,3287.5605801136926
hope,3285.578396912391
seem,3282.9211948870225
easier,3282.4532184781506
malig,3272.5829943101226
net,3270.0477274018667
although,3266.9160268504393
similar,3263.7255876853847
exactly,3255.756980606002
talking,3249.1893311784515
person,3249.13591313606
movement,3246.207403559821
married,3244.681572360937
looking,3242.9411278877637
cq,3242.80653620165
heroes,3235.383883826967
localization,3228.6885119339568
liked,3226.28915373107
fair,3221.0849234109487
holy,3215.436026614576
away,3212.4277563632245
voice,3204.9809719904624
jugdral,3203.995925567096
late,3200.1829504552215
terrible,3197.023800182851
astra,3193.9460537115815
sounds,3177.969035252851
blade,3177.0560234008863
choice,3168.1662636698493
option,3165.2339512891035
plus,3164.644267902634
imo,3161.2835486413314
personal,3150.6222863937983
given,3143.354676365258
etc,3143.0887243525385
overall,3137.071221174166
course,3136.1587088319448
actual,3131.6876075015493
youtube,3118.122808872106
tell,3114.7526760842234
mostly,3107.848152615677
considering,3100.8911792862873
anime,3098.665899688973
likely,3098.2993600491377
bonus,3096.372621074176
buy,3096.0408247336354
rutger,3093.217727327042
conversations,3092.8502352963906
understand,3091.5957068305033
seriously,3090.0928619229094
old,3089.79189121318
sety,3070.937757284209
list,3062.2316796117034
single,3053.8570708414295
world,3052.7144069189926
canon,3051.928474583193
rest,3051.500334325451
joshua,3048.4957000776285
lute,3043.837714619571
giving,3040.1769750355334
levin,3039.5296898521206
keaton,3035.221867824407
extra,3027.9498777987815
benny,3027.7038153941903
whatever,3025.10712700286
place,3023.899791522509
healer,3023.539546928619
emmeryn,3012.3282281307074
ilyana,3007.288875778896
deal,3004.0405362592064
tome,3002.1484419898384
mechanics,2997.5991083471968
cavalier,2996.995745705273
amount,2970.595046933324
lowen,2966.675397605525
hand,2964.779627960821
kaden,2959.95973042842
sage,2958.8201580390223
please,2957.680154167806
pent,2940.089113628304
www,2939.986446450932
berserker,2937.598261146696
amiibo,2936.510860472506
difficult,2933.532728477471
myrmidon,2924.8579149969055
guys,2923.7671598738234
day,2920.8011993846235
went,2911.2713912952104
goes,2909.6693063771227
wise,2900.719996174844
clarine,2900.2531925622643
cynthia,2895.8891139683897
f,2886.3027770196295
paralogues,2885.149886536691
classic,2877.5844986204
shura,2877.4074645970904
dialogue,2869.3307008573934
sort,2859.332745228056
past,2856.7790319764836
manakete,2856.054528448086
players,2853.451395165923
prefer,2850.56201441444
started,2850.4728074358554
line,2848.1701740239123
us,2845.956129205364
thinking,2841.813676526443
dieck,2839.9068299122005
cute,2837.002818626128
ok,2835.379219343504
makalov,2833.476192986952
izana,2825.598916761094
order,2821.5178331119478
ltc,2821.493239321137
catria,2817.7229751797954
items,2812.1281992426634
velouria,2809.451103288002
royals,2805.640807012829
takes,2801.8320851338094
works,2800.494400380904
joins,2797.970863772361
japan,2795.990329506766
future,2793.854285900787
fighting,2792.6642264863435
duessel,2790.257893426747
caps,2781.066862769038
henry,2767.3926024561392
access,2762.474991366853
mother,2749.7330059094857
feels,2749.648548326509
spoilers,2744.716692748986
says,2744.668119212963
found,2736.776117005641
options,2731.085684942233
talk,2721.8007855174637
phase,2717.4052523285595
mitama,2716.7334739251846
physical,2715.864779060183
serra,2714.0043902661255
comments,2707.8278774978876
gave,2704.402092335777
choose,2702.0067275693104
wish,2697.154971394538
life,2695.983930295379
taking,2689.9307287612055
shiro,2685.9032014250133
pokemon,2684.7141778338073
enjoy,2684.0470538783634
took,2679.2256452255288
uses,2672.2988046316727
compared,2667.6860166500624
oswin,2666.554273193462
otherwise,2665.4123872492896
cap,2665.0147627753067
together,2660.653629288733
felt,2658.897444963167
avoid,2657.629975680226
dragons,2656.194507371137
availability,2656.1931836367385
fliers,2655.887274438839
harder,2655.063995029399
girl,2652.569149082274
mounted,2643.5924197437243
armsthrift,2643.128139002139
close,2642.515196490796
heard,2640.238603219932
powerful,2632.9395887034343
stop,2631.163830797709
reset,2626.4921714219645
meant,2625.9385523346305
forgot,2620.052099442693
unique,2619.8326100212234
greil,2618.5616570610396
animations,2613.873244650626
older,2612.4129250682045
noire,2611.3355585145473
arvis,2606.0439810529606
power,2603.479676838931
kid,2602.7168321623935
came,2599.4238095951678
add,2594.963633765478
money,2594.473946517897
ashnard,2592.2987517136366
brave,2586.422103985515
mention,2584.705690778048
alright,2584.6333864986664
become,2583.2797875940105
spotpass,2582.9474174802576
elibe,2580.713677308466
stupid,2577.0282946961197
falchion,2576.265221886077
kaga,2575.5154711046157
set,2572.2915655435345
joke,2570.969002364716
karel,2570.3087712983197
must,2567.964394671987
jpg,2562.47221095524
tumblr,2550.6914579592485
often,2550.03018192851
siblings,2538.8113159397476
seeing,2538.2085347936813
mercenary,2536.8400024025523
average,2536.7952733837947
horse,2526.8699150013395
weak,2520.973045463672
pass,2518.6022294001177
blood,2517.794457194336
wii,2517.25980009358
midori,2514.337887285578
funny,2513.2726411399694
warp,2513.015933870215
issue,2501.0540633728115
gatrie,2491.0033731551125
totally,2490.803207276161
kills,2488.1141233567305
along,2487.6274004485163
flora,2487.5785030711695
style,2485.187353045626
marcia,2478.252578038014
light,2470.4688398982626
naesala,2468.0785184056604
playthroughs,2464.3139843002054
generally,2462.478982889259
tibarn,2460.1833104716384
triangle,2456.4703875254454
libra,2454.2162314866723
perfect,2453.53795396324
lethe,2446.1673401642506
siegbert,2443.964411502272
yato,2439.3644152780907
hey,2427.20553697507
ending,2427.107438447856
selkie,2426.8172932637763
users,2425.179292315371
recruitment,2417.824010949209
lyon,2416.275834284639
kiragi,2406.3713256617125
fanservice,2405.1151842609197
ah,2402.9749858943514
despite,2402.4092328844413
absolutely,2402.377851828041
pairup,2401.8390422391094
raven,2399.7892777327515
marriage,2395.4044989983295
naga,2393.0785272237613
call,2390.73497142457
saw,2390.333347854017
heart,2390.16076501359
happen,2388.3745000486033
read,2386.674253623922
alm,2385.7092242767003
happy,2384.229643415179
ss,2383.4593101533937
attacks,2377.0140148944633
asugi,2371.719209412735
difference,2371.687984721348
pre,2369.5383648432194
finally,2367.078188530327
ayra,2364.7176668961906
fans,2363.326030773883
besides,2361.8880227562577
hits,2360.6666893023203
rolf,2357.98929888825
comment,2355.239995312242
tana,2353.874864134463
lt,2353.387215169062
manaketes,2353.218818712002
kinshi,2350.5732417718777
p,2345.9047051153384
zephiel,2344.100447495951
generals,2343.749221732216
amelia,2341.072725979227
broken,2337.4944668210264
imagine,2336.184264672228
tried,2332.623914574803
reasons,2332.277922721658
neimi,2329.913807108023
lost,2329.024677627948
arena,2326.92759308831
challenge,2324.3517568958146
serenes,2323.107700847725
dread,2320.02288012528
sol,2319.9958582218746
sometimes,2315.6551350384148
behind,2312.7856279701323
release,2308.7441662334923
ewan,2302.1524321150755
finished,2300.5654062843964
user,2299.8933017840905
show,2298.624889437961
dual,2295.1795970600406
orko,2294.972029544923
ranulf,2293.072240066843
join,2290.1212380642264
crits,2285.640543939177
supposed,2283.373962586422
sniper,2283.1643286740177
needed,2282.0415186338105
changes,2280.4877488784095
ass,2280.1053990025734
falcon,2278.8134910041585
boyd,2277.4026260248697
lack,2272.547144788915
jeigan,2271.9849386072133
mist,2263.7166367488876
huge,2263.3243124070095
tbh,2258.876061815223
lose,2257.4001858116526
thief,2256.64675111648
couple,2255.292620340844
type,2248.8979302557905
br,2248.0558480630475
vantage,2246.596928931359
vs,2243.649286063023
prepromotes,2241.837987551808
prepromote,2240.6313320595473
lines,2239.3077664126495
taste,2237.234186320191
unpromoted,2229.2752032971644
boring,2227.7728025345277
volke,2223.3495928073503
lucius,2222.5559583054223
aether,2222.044282435688
dislike,2220.192510129618
archanea,2217.0821928361006
years,2216.1463782137166
gangrel,2215.1391169528124
resistance,2215.130734992426
king,2213.8398605347384
family,2213.057771473151
remake,2211.435875569128
number,2210.880391869587
aside,2208.3843727170743
count,2202.9141614138985
fast,2202.2359816288367
gain,2200.0847382740644
dead,2196.9902683519394
lck,2196.559358556032
win,2196.2089105451205
rate,2193.2768469380485
original,2191.4064722633843
tank,2186.620762338423
consider,2183.628116074248
bring,2181.265034245396
cause,2180.130989054011
favourite,2177.5384112396428
balance,2170.2480372683
poor,2167.1943692039445
ability,2163.798971425205
random,2160.5253575109796
annoying,2155.1104868447374
rally,2151.0350845982293
dude,2150.8511251270247
gold,2149.3969330236346
died,2147.1823968730646
palla,2146.0548200360267
evil,2144.989228647303
called,2143.716793846248
niime,2135.4111982933573
priam,2134.8190818294647
lower,2133.003477776848
simply,2124.9824613014025
binding,2121.5803611287965
athos,2120.7871119626516
sucks,2118.872984467349
reclassed,2117.9201580636486
mechanic,2117.0069730361843
solo,2115.953571506413
spoiler,2115.372488334245
outside,2115.121526300219
lugh,2111.989731440881
ross,2111.8589343621597
theme,2111.287715581168
prologue,2108.3301233045277
nergal,2107.220959042193
playable,2106.719707901036
generic,2104.1256129721964
ragnell,2101.3828902361547
train,2100.8724903897646
pelleas,2096.0228457767153
happened,2095.885031941387
forde,2095.708343741489
anyways,2094.308243717141
wolt,2094.1512643135125
moulder,2093.5756489534974
merlinus,2092.5875239448833
extremely,2090.72978484944
obviously,2080.9008286931216
friend,2080.8870834890204
content,2077.3547016832104
basilio,2077.1064307181564
tormod,2076.096801070675
lewyn,2075.739349708261
file,2068.2724532907573
dancer,2067.4710562061623
finish,2066.6824456965164
utility,2062.0369237958284
cast,2062.0083184315877
wikia,2061.35732312009
tactician,2054.7582064808785
ups,2054.2695651935
finn,2052.585142276836
recruited,2051.856917532607
coming,2049.089933681726
group,2045.9971233335314
sanaki,2042.2849392346698
slightly,2039.737461271666
hisame,2038.0157569356452
wants,2037.599565642587
clear,2036.783609730924
wyverns,2035.2035277125235
geitz,2032.4425191719015
solid,2031.2357750125298
starting,2027.8515506556269
fairly,2026.764925145665
recommend,2025.338270701822
limited,2024.103611239242
whether,2024.0308332331817
innes,2021.928353758637
potential,2020.4116384066592
writing,2020.0932824053352
blazing,2016.136022261643
percy,2012.8892265363252
soon,2012.1051767753895
daein,2012.036929224221
eh,2009.8367630051705
dwyer,2009.7742594018935
heal,2008.7024938388347
marisa,2006.374448414103
exist,2005.0768494262315
haha,2001.9962937740363
changed,1994.5779496911373
franz,1992.78604813124
amp,1992.6891144463827
terms,1991.0291728865525
becomes,1986.9998017294076
slow,1984.0261819775292
ended,1983.5755658884352
reina,1983.1647213444348
xd,1982.4601870705128
sorcerer,1981.2320697661316
conversation,1978.5563564502036
kent,1977.6287483578212
rates,1973.8163431015003
ignatius,1972.9532562354304
forged,1972.734441559793
healing,1966.6697342353987
added,1965.2260560276286
stance,1961.4287396896884
parents,1961.1757648045348
available,1955.5962671243315
complete,1951.983000269558
swordmasters,1951.0335805665757
guard,1949.7995658552536
multiple,1948.5393826397083
laurent,1947.2906865733996
full,1943.459524682793
argument,1940.4491382527733
certainly,1937.597758867992
celica,1937.5015259405707
awful,1936.8339587428407
translation,1934.914337963941
spear,1933.9820032424839
kirchu,1930.2360774823178
happens,1927.1078433431662
knew,1927.003569914736
tho,1926.719033404091
sister,1926.0004893940838
miss,1924.833892988282
towards,1923.3975429601464
femu,1922.9642462595398
images,1914.4997929854344
screwed,1911.309518874297
job,1909.7216360395958
bunch,1909.6186798184951
rev,1906.936509421285
rennac,1903.3985497006697
wow,1901.492778593014
ylisse,1901.3049783705833
entirely,1900.3246879397525
plan,1898.12364903851
particularly,1896.199952208039
max,1895.8524143638022
silver,1893.2545323164059
royal,1890.850504756692
leave,1890.0545286184793
development,1884.421932559592
ago,1880.2435577713852
sd,1880.1047345477652
friends,1876.6639041163062
glad,1873.434026409
mentioned,1868.7377859105786
nosferatu,1866.1172561514638
durability,1865.3385002254847
artur,1861.6640832945243
cavaliers,1857.7748423615026
proc,1855.6085383985846
starts,1855.5071997475561
stronger,1854.506734310799
sad,1852.627497330107
matthew,1852.3167803137144
missed,1849.8535171339436
ridiculous,1848.4305213611256
useless,1847.4819820872021
none,1844.9850005190972
gotten,1841.3286958902265
earlier,1840.306339328854
decided,1838.0647513320707
forced,1837.8112697919505
somewhat,1837.3676860586093
wendy,1836.2171464847304
aversa,1833.931839475473
loved,1833.1652735250848
iron,1830.2118320655609
names,1829.7622555333419
black,1829.2091522092558
ogma,1829.2054926570627
knoll,1826.7742456565331
effective,1825.5905670592244
answer,1824.7863397020944
lethality,1822.3943892378547
popular,1822.0246451147423
learn,1818.972837245584
third,1817.4692605842333
rom,1816.8022796513844
shuriken,1816.2603513653019
gotta,1813.6232567169284
sophia,1812.8409652260466
paladins,1812.3803407705457
counter,1811.6849171004856
break,1811.3994971461666
balanced,1807.5825663757
surprised,1807.4136221131562
rip,1807.3425886622947
boy,1803.9438952321639
sound,1802.9191925767918
card,1801.4367897206062
clearly,1798.5902056009204
edition,1795.3132270020078
bosses,1792.2701099353524
staffbot,1791.0538696726144
patch,1789.6647248276442
near,1786.639970848137
melee,1785.2572176796123
harken,1785.0644593331028
samurai,1781.0327903176508
volug,1780.7114987415594
warriors,1779.8691926073843
copy,1778.321355522722
oifey,1778.2428431745318
ship,1772.881576457686
iirc,1771.571124866633
alone,1770.6354012628678
routes,1769.4736235152554
critical,1767.516668488522
small,1766.9001419377078
forget,1765.645066328064
assume,1762.8050644081547
dondon,1762.0266012806344
free,1759.3494815752044
alive,1758.0434902862037
"",1757.7223351212322
considered,1755.4925276300653
limit,1754.3703380954491
reyson,1753.8693292859639
astrid,1750.4213369060083
self,1748.6652892436935
reach,1744.3889206237393
worry,1741.6457790722488
begnion,1737.9386233773191
hm,1736.5820847979733
head,1736.2136145430247
reddit,1735.6408833755208
helps,1733.8306011819793
nolan,1728.8365335031183
straight,1726.446864776202
nina,1724.0987720921594
note,1721.7435556710534
ask,1720.7587448152788
runs,1720.5328849900175
switch,1717.6113578607824
suppose,1716.1262558278272
battles,1714.667654790043
dumb,1711.9754794745988
previous,1710.4307728156161
devdan,1709.832595493822
focus,1709.6757715262172
rath,1708.8589314532444
badass,1707.8171035784517
colm,1706.4078341977247
fit,1705.5646669043015
eventually,1703.3631435773514
marrying,1702.2960390756755
healers,1695.1770640059763
build,1695.0597722090401
aptitude,1692.5416756099812
capped,1691.730808152924
blow,1691.4907803471615
assassin,1689.6242069803623
doubt,1686.4848657307648
hold,1685.1668922350666
forrest,1683.2787038650772
obvious,1683.1681080042413
ranks,1680.2187215217486
fantastic,1679.9166915479275
ninjas,1679.186231594992
priscilla,1679.00368246422
oscar,1677.4667087569562
picked,1676.912061700347
legault,1675.2990480595906
quickly,1673.7176577588398
effort,1670.8725375613158
assuming,1669.9733685736262
dodge,1668.2232119492585
taken,1667.998838558483
edward,1665.3382221337915
major,1663.1702006414662
killer,1660.7372539396968
boost,1658.714847702355
valter,1655.6901026732387
isadora,1655.1469955044975
named,1654.0824629856231
red,1653.8467433524931
kieran,1652.7547076131054
cannot,1652.6145842642397
waifus,1650.7129265010722
expect,1649.507926863458
dozla,1646.8721481474868
sophie,1646.8686690592397
hear,1643.6498849818252
incest,1642.2368730188082
moment,1640.637563617486
iago,1635.5056977322595
arden,1635.172243499204
kris,1634.4382456159083
syrene,1633.639510510811
scarlet,1632.3330413977096
validar,1631.066646914177
lategame,1629.776420868386
knows,1629.3765363693426
shows,1629.021849113196
archetype,1627.7502589224248
objectives,1627.2817158125818
gay,1624.3161432211116
problems,1621.8564220295543
daughter,1621.7199168805894
stand,1621.0880300716613
apparently,1616.3737037449287
check,1613.3310664712972
somehow,1611.932607366934
huh,1610.3799774322647
ways,1606.4978633682335
blue,1602.700471347266
fiora,1602.578312133627
issues,1601.9148794758219
hhm,1601.4800925915592
split,1600.6148441289417
brady,1599.826421062047
versions,1599.06037736869
lodestar,1598.441370255334
nanna,1596.6420042388522
music,1596.528731233445
specific,1596.4285817469802
effect,1596.028373445677
tend,1591.4134174977407
update,1590.9324611778861
questions,1589.903680166719
gilliam,1588.4790308771867
currently,1587.5246592894573
lv,1584.459411041156
tanith,1583.1470302444902
days,1582.5152404105484
azel,1579.3183734311765
soldiers,1578.4857549632811
song,1575.0483088692229
regardless,1574.9644635854931
renault,1573.5137169761308
gender,1573.0600575478236
today,1572.3381067690839
pavise,1571.0639198347842
longer,1570.1826005683583
smt,1569.727500820976
meh,1568.4936278169996
relevant,1568.241101559559
released,1567.3874114511843
flying,1567.1242421491622
vanessa,1564.730827917101
stay,1564.141453466819
maid,1563.753070983443
rider,1563.0891839133828
dont,1562.929795371356
discussion,1561.7105469387832
choices,1560.333639799864
jamke,1558.7066896961944
brother,1558.4365621900731
mystery,1555.9607438488993
item,1551.938873403753
crazy,1551.3413436708759
honest,1550.4915600762754
english,1549.3389207541854
missing,1548.0368878940535
video,1546.0834475383438
earlygame,1544.8351071922993
rebecca,1544.54410202862
tauroneo,1543.41601460807
within,1543.056513950348
advantage,1541.4357452001605
minerva,1540.5333146490761
nocookie,1537.482808038501
technically,1536.06984089217
tethys,1535.5818780400928
sweet,1534.9870262439101
villager,1531.1694806243029
wanna,1531.0806364950308
serious,1528.4412228517513
narcian,1527.0203054095768
cut,1526.2765478371373
girls,1522.6235274445025
argue,1521.8664838350603
th,1521.1435707588034
room,1520.7245948727166
franchise,1519.3735868346853
depends,1517.3256750846224
vote,1516.8130941496972
karla,1515.7568058792474
survive,1515.2298217078692
xp,1515.0717648798186
taguel,1514.7114278602342
total,1513.525426010222
promotes,1512.952013774627
nope,1510.481779010501
stuck,1509.2361977019998
beast,1507.9126298008102
explain,1507.4300934321304
perhaps,1506.3143949770292
lvl,1505.5574626037012
incredibly,1504.838408808398
impossible,1503.0946746032218
suck,1502.3462870923215
wind,1497.3484094905411
bors,1496.2695454419697
short,1494.8380462445257
backstory,1491.7286127613106
nearly,1491.4423102865182
apotheosis,1491.0708261561751
middle,1490.397347827002
upon,1489.7326654541787
adorable,1489.1824247219938
difficulties,1488.0392781091846
warrior,1487.698372336634
nobody,1487.1836122788177
draw,1485.5636161459179
beginning,1482.7500761918639
disagree,1482.656896363085
aran,1482.4544186727023
doubling,1479.0396038049075
vaida,1478.0547952240672
garcia,1476.5669492106022
stefan,1475.6968289336503
hack,1475.5501492719493
round,1473.548372597984
shame,1472.1953364194844
lets,1471.7577766204852
open,1471.3992641520072
restart,1470.6386224712123
steel,1470.116454836324
related,1470.0578768713744
lucky,1469.473704528432
opinions,1468.8403511389745
twice,1468.5297148510645
locked,1468.2892460718986
trouble,1467.5900528840818
hours,1466.7474083627224
abuse,1463.2991996929331
rout,1462.9537128878244
capture,1461.0975115807307
wonder,1460.8702006504052
gharnef,1460.2797900566823
ends,1457.807673963032
unlike,1456.3597265172834
basara,1455.2174406360896
role,1453.5264071508723
looked,1452.5411795284015
seize,1450.798532182605
training,1449.075167036391
immediately,1446.7623752386687
dunno,1446.6723331052372
flavia,1446.5250765739154
abel,1446.4119179452416
valm,1444.4716516617639
ashera,1442.3238479145543
realize,1440.4986048014525
fuga,1440.0856057579565
strategist,1439.0812581440573
cleric,1437.597962118461
thus,1435.4432878297189
excellus,1432.8675199314541
fighters,1430.7108710119371
gone,1429.8681909671252
written,1426.1231641505003
live,1424.8750427253945
vignette,1424.6004444887883
bought,1424.2458613081458
several,1422.2932778691086
particular,1421.5186713991807
characterization,1421.328777530043
brigade,1421.022073923359
forward,1420.4569336241962
meme,1419.7425110822608
mario,1419.63714464492
danved,1419.4836641835502
feeling,1417.7049188672645
sephiran,1416.5599038183657
specifically,1416.2048963777727
miledy,1416.0081899352754
possibly,1413.8819076013542
weight,1412.8351580351307
silly,1411.908822598366
plays,1411.5016450459746
saleh,1411.1743243974606
default,1410.2670085067402
large,1408.6477242108222
idk,1408.1521840594453
fiona,1407.480299201428
posts,1407.3146062940086
boosts,1406.5434391408485
current,1405.0282093005894
medeus,1402.8910891626738
raigh,1402.703744705323
gordin,1401.2238548698563
barely,1400.1481382339766
navarre,1398.9216508194163
situation,1398.1734214820617
lex,1396.8708013737275
weaker,1395.2577531993213
correct,1395.2399022233192
hilarious,1394.7634433285796
turned,1392.8464303954145
figure,1392.4729283376064
match,1390.931870886735
color,1390.8866067366819
necessary,1390.7967503893844
fall,1387.8390451935188
ryouma,1385.3541555777433
thats,1384.969091528539
tonics,1384.0855042782368
word,1382.9296195399743
form,1380.5517776408872
tactics,1377.6584975650624
shot,1377.2510206252825
boots,1374.6876697504897
whenever,1373.642532457163
magvel,1372.3934567895722
shitty,1372.1537058715362
dad,1372.1414269948727
villain,1369.8158286850419
ring,1369.067016330681
dying,1369.045150773174
merric,1368.5721824986324
mikoto,1368.1970925147305
depending,1367.412405454404
magical,1363.594533227021
losing,1363.486997204583
realized,1361.745201664228
context,1359.6406938073198
quality,1356.1357596027415
confirmed,1355.455413265992
crap,1354.4864181231055
gains,1352.2801943031432
farina,1350.4453218628762
mov,1350.1814750677047
holyn,1350.1473438917742
force,1349.8950346175934
saved,1349.3729645813855
simple,1349.3549332130624
offensive,1348.669807353962
interested,1346.797169672666
write,1345.1210740805266
hidden,1343.0512239594693
star,1341.5504432552302
portrait,1341.4115543692967
thieves,1341.2575713399294
perfectly,1340.8469241753978
mareeta,1340.4742798178686
troubadour,1338.2149863738864
asvel,1333.4005614056243
lifetaker,1332.5568824158063
fir,1332.2585790669023
boon,1331.4709902313714
putting,1330.2034442824222
year,1329.7080791271255
waiting,1327.612220769028
cb,1324.9751882973042
hopefully,1324.4157457780702
bench,1324.3133381800903
monster,1324.2206485778663
fate,1323.2868381304274
forge,1321.8473744487235
nd,1320.662741444349
prince,1318.103531662817
shephen,1317.9277194075949
nils,1317.8249826515867
essentially,1317.64860431037
sprite,1317.462376454817
rhys,1317.4247825453706
noble,1316.5580552889744
pain,1315.813242153
allows,1314.5290947174574
bother,1314.4072761394643
brought,1314.3727795815432
anymore,1313.5943736926813
designs,1313.3422666743531
quick,1312.9980288849126
hype,1312.1485609489646
strike,1310.0972796434944
speedwings,1307.867202465552
w,1307.1729531499425
hurt,1302.7848259902892
exact,1302.5875226792753
across,1300.8881111747958
paths,1300.603366322706
promoting,1300.5562849284552
unfortunately,1300.2840765000194
told,1299.424189439269
reference,1299.044041380566
subreddit,1298.7476552966077
retainers,1298.516911189781
plegia,1297.764047968261
green,1297.4256805211683
allow,1296.684648952065
calill,1295.2633055221897
buying,1295.2025473329234
screen,1295.1317661211176
streetpass,1294.5882515967648
faster,1294.4147609089057
uh,1294.3495531793699
front,1293.9310782205841
defend,1292.8161822373575
kept,1292.5071769381386
artwork,1291.6028107774998
designed,1290.0698291291783
party,1289.440142787817
gamestop,1287.3234422545668
mainly,1286.8971348856053
massive,1283.7814528256679
permadeath,1283.3559568174373
feature,1283.31369228843
picks,1282.6807842706426
picture,1280.268979593076
age,1280.0830291008945
lachesis,1279.8525443211488
anima,1279.8339431189108
lots,1279.73081411827
meaning,1279.3707748476777
ranged,1279.2402527564957
reading,1279.1582985770472
partner,1279.0940224746134
managed,1277.3878598927004
exists,1276.945057434857
likes,1276.570746690748
neither,1276.476202191659
fix,1275.8422748610055
rekka,1274.9844608582905
peg,1274.0406226169537
relationship,1273.0289713364855
enjoyed,1272.6149111692223
investment,1272.0591642506258
valla,1271.6456624992497
mt,1271.6035549950627
onmyoji,1270.2721626899458
mistake,1269.8507821584005
account,1269.6688447803583
decide,1269.068790126958
link,1268.815663970234
muarim,1268.561107897044
skinship,1266.884330416601
defeat,1266.878947343651
revision,1264.628631726965
normally,1264.3504952074775
natasha,1264.2445075888945
prf,1263.343523323345
appear,1263.3098754201617
recruitable,1261.6481341126664
gonzales,1261.4858775854993
drop,1259.373817600491
minor,1258.5937998208537
objective,1256.9644632315744
plenty,1256.6623429103677
common,1255.4691630568184
drawing,1253.7016288984712
paragon,1253.599866578246
fantasy,1253.2931008925616
g,1251.2760645948847
attacking,1249.0849293186689
fixed,1248.2465669025655
nohrians,1247.4184227654264
sex,1247.4178825615109
opposite,1246.714664771222
beautiful,1245.7688956315494
cartridge,1245.6671266303865
convos,1245.0709119647006
thunder,1244.9128120861492
jp,1243.844726313224
hot,1243.7070246835108
biggest,1243.0864734387324
allowed,1241.8801411479753
words,1239.9548903928949
ahead,1239.3603069350936
delmud,1239.093872100551
including,1239.036713338972
throw,1237.9810371889444
appreciate,1236.9073962297948
keeping,1235.1240934674202
cain,1234.9683707854408
parent,1234.9555670181292
trust,1234.9283808669152
soldier,1233.0680643498629
truly,1232.3127936239973
offense,1230.6242671094678
bottom,1230.0719219571395
animation,1230.0579715096444
admit,1229.064364542236
media,1226.5166587132708
title,1226.2124790467724
shitpostemblem,1226.1915829096872
eyes,1225.735332711911
saizou,1225.720431755321
treck,1224.653759974237
usable,1224.5166316217683
breaker,1222.3413157294194
adventurer,1221.9680133824725
arc,1221.52949087317
lore,1221.1483007142085
ignore,1220.584829504548
briggid,1218.4256518047719
zelda,1217.7567132817067
myrrh,1215.0189076770969
four,1214.9872748251175
edge,1213.9488864723814
hoping,1213.4954282958079
majority,1211.926232389809
highest,1211.515793111836
posted,1210.145527785922
tough,1207.6303199605811
lead,1207.6169270060045
brom,1206.8449301814655
return,1205.8635325947096
kliff,1205.2519608193759
yukimura,1205.1423854547936
blind,1204.7972204800676
requires,1203.415108961438
lalum,1203.1882777227593
mission,1202.6875419447902
gimmick,1202.0226060808275
stories,1201.8423036206032
working,1201.7243988507532
sprites,1200.1014875412523
bros,1198.6403584956358
zero,1196.1336193453562
phoenix,1195.657900426789
myrmidons,1194.8114469457405
parts,1194.7557333816264
persona,1194.3997163124545
legendary,1194.2580211714035
everybody,1194.1370036062578
cipher,1193.2839915177085
planning,1193.0526435795293
wars,1192.415740389391
challenging,1191.9605852787038
noticed,1190.6090626426264
cost,1188.4005405096852
act,1185.874592165531
igrene,1185.4952287830213
grandmaster,1185.3345875051732
mercenaries,1184.4871666809265
bullshit,1183.080809315578
mechanist,1182.8695044185304
addition,1180.3091836649617
geoffrey,1179.2267468502673
known,1178.6567068521747
beyond,1178.459609608116
quote,1178.2164546829267
heavy,1177.7400842702932
pay,1175.42389513441
infinite,1174.236186825193
aegis,1173.4295455809793
marx,1171.302672348828
scene,1170.8638612832935
superior,1169.8644723529649
forever,1168.7967127692505
waste,1168.770203145787
mediocre,1168.1352405403666
safe,1167.773583387253
forging,1165.6944328840311
cards,1164.2367259408734
ignis,1163.0789899196664
janaff,1162.0536357493318
hoshidans,1161.3957252410867
dragonstone,1161.1450497817877
console,1160.0908296163527
shield,1159.392926200901
witch,1158.9481200710345
mad,1158.5960491542521
wiki,1157.9642433670422
cutscene,1155.5675475349371
somewhere,1151.873729481502
removed,1151.813685388194
advance,1150.799842440704
titles,1150.413926793608
community,1149.9913837218055
trash,1149.6520727694442
decision,1148.7602754790241
attention,1148.2026061943784
ballista,1147.7970053554168
skip,1146.5024024275594
randomizer,1146.4675049556772
via,1146.103343723967
optional,1143.9576925669317
viable,1143.2176100547108
tomefaire,1141.486314762618
throughout,1141.3508777838165
speedwing,1141.2710842228396
odd,1138.4339073804128
spend,1138.0714821565573
continue,1137.3579028352317
doubled,1135.9003639066357
became,1132.1399130537334
helpful,1131.9828572787153
localized,1130.594961574143
pls,1130.2630646141586
ready,1129.0316460675756
mom,1128.3145690615188
stick,1128.034229519935
mid,1126.3168293608076
speaking,1124.9192236432682
changing,1124.611371210037
send,1124.5300793876252
spot,1123.0214865388223
necessarily,1121.7369639487272
emulator,1120.7748424273018
leveled,1120.5606768277917
shipping,1120.423249808703
tiltyu,1119.63438273952
hands,1119.4060312121067
shanna,1118.7439865649176
pull,1117.1295383613938
lucia,1116.8135035558985
nailah,1116.236078533109
kyza,1114.717001616449
protagonist,1114.3860411647026
hawkeye,1114.2544022411878
optimal,1113.7756326306442
asking,1112.3597422281512
village,1112.1015848082507
horrible,1111.6249830864233
exclusive,1110.2872458223203
bulk,1109.1565743668593
rend,1109.0078226658338
kingdom,1108.9585878278351
purpose,1108.08318490891
comparison,1108.0052442659921
flaws,1106.7453393525027
human,1105.8751249837585
princess,1105.3455330501015
bane,1105.0689274750123
loptyr,1104.2223399140325
yep,1104.179527195551
beating,1102.8676878547562
defensive,1101.7427444740554
worked,1101.4478358416434
perspective,1101.4157919930192
gheb,1100.6759090685382
ballistician,1100.6759090685382
insane,1100.2144228851894
desert,1097.255639504943
caellach,1096.8737405054708
hardin,1096.602265049038
caineghis,1096.5963466826552
celice,1095.937199462762
numbers,1095.6703138668372
seemed,1095.6359335575012
bland,1092.6843777352442
skrimir,1092.6555053977586
depth,1090.9893141520415
arms,1090.9204092839577
confused,1089.6480287386032
bias,1087.6440272968143
among,1087.267855542117
sibling,1087.0780277976253
fes,1086.8043882906397
swordfaire,1086.5358297406126
thoughts,1086.346453951203
resources,1086.129376888654
benched,1085.7817536541104
latest,1084.205639520521
strongest,1083.878583236257
wield,1083.2230916747956
carry,1081.9516975519737
rule,1081.317174023169
husbando,1081.2870243449227
lyre,1080.9842980754563
promotions,1080.577899792902
overpowered,1079.6722790633341
unlock,1078.9935384689593
expected,1078.5465750344433
roll,1078.3574155494434
kanna,1077.7472946969385
favorites,1077.697726060331
sell,1077.6616394338994
wrath,1076.6171334461644
niche,1076.3074672665439
eshop,1076.0989535464491
manfroy,1075.7271520438526
features,1075.6414660720332
whoever,1075.175551533163
sold,1074.529614423166
indeed,1073.718341006922
handle,1072.5935532527305
index,1072.5817461192596
leveling,1072.5413135358538
zelgius,1071.7107535667344
mess,1071.4383574900544
excuse,1070.9215628056825
separate,1069.922572195651
fang,1069.5592896800854
sadly,1069.4001151047498
bishop,1069.0271190739807
secret,1067.6992214873474
spirit,1067.6539070542253
curious,1066.3313039381949
boosters,1066.2482740652524
months,1066.2286749290392
kyle,1065.611151540193
birthday,1063.341439697776
chose,1062.0311962982998
throne,1061.7618054910288
neat,1061.249482479441
einherjar,1060.12370338009
merc,1059.5594447113372
book,1059.406742891397
otp,1058.4359986053075
logbook,1058.178084123381
adds,1057.5452921058295
fits,1056.913663227398
scroll,1056.7544263451582
heavily,1055.3058876685682
fanart,1054.9485113221067
young,1054.8111322135758
country,1054.5741598858028
gif,1053.3457947250185
speak,1053.1380194987719
ri,1053.1298019266862
pts,1052.1651363383328
hardest,1052.0512639189008
liking,1049.9967414031232
saga,1049.5853029089728
standard,1049.5684418142923
voted,1047.381941595623
resetting,1046.7809069933933
five,1046.2814831979995
beaten,1044.2576731573165
figured,1044.2162480684854
share,1042.8610269170827
strategies,1042.1580029551044
pursuit,1042.1439991291
jokes,1041.4045666220813
steal,1041.1305881871024
haired,1038.3867064892943
fights,1037.933916950646
remove,1037.615147545474
negative,1037.5828838922494
saves,1037.22490927381
weakness,1035.9507582983572
cutscenes,1035.8529075930817
trained,1035.771576422341
garbage,1035.205625501919
threads,1035.1044431148923
screw,1034.6866885988538
escape,1031.6697253783873
lazward,1031.3019967121625
castles,1030.3442831270124
notice,1030.3362562833738
regular,1029.5933890071499
armads,1028.8656211627258
eldigan,1028.3660493356917
berserkers,1028.2050698048208
excellent,1027.6627560079107
terrain,1027.3007725111318
camus,1026.6216473069635
body,1025.3421702335165
night,1024.4451592958555
flairs,1023.9432982540613
information,1022.3640714484341
hated,1022.2443941709284
status,1022.0965702376044
memes,1022.0101892397784
follow,1021.9184241389213
raijinto,1021.5980916472521
wondering,1019.6060882714404
rpg,1019.3215512038821
campaign,1019.3008203605019
topic,1018.5755751330476
scrolls,1018.3864054689733
draug,1018.2163058867056
chests,1017.9511317543239
larcei,1016.5877457700535
wallace,1016.0762931130826
heck,1016.0522102398598
dracoknight,1014.8488863176351
moving,1014.4069724567128
recruiting,1013.8173257630583
feplus,1013.804077173178
naginata,1013.072524739593
foot,1012.9737525878955
image,1011.828943901808
yune,1011.0480308263183
poll,1009.591550710684
tanky,1009.0674272068053
wall,1008.7485032078114
dart,1008.4828052859713
include,1007.7033341712564
kozaki,1007.5759292953728
increase,1007.4934248821075
youtu,1006.1364904018361
flaw,1006.08506473194
recently,1005.7259936192514
wife,1005.7076934904209
grado,1005.6665521486323
compare,1005.0294364183632
hmm,1004.7293505422612
sides,1003.9572463635515
javelin,1003.9409189721501
alvis,1003.6881226224274
price,1003.3365008623648
shin,1002.6780301484976
sedgar,1002.5395874268094
eyvel,1002.5395874268094
onto,1002.0930873880484
spent,1002.0887424443644
valkyrie,1000.6423412263101
milady,1000.6285893517215
types,997.0173735213866
lmao,996.1792947868862
generation,995.1533390015015
canto,994.3355901419017
dancers,993.3454712247403
heath,990.636995044317
suggest,989.9868661959348
insert,988.5493743940139
result,988.4192602177847
willing,987.3410193775646
rafiel,986.5554694616
tiles,985.9864267934774
romantic,985.5982371272373
noah,985.4290932947491
justice,984.8504269536993
aqua,984.447520509434
copies,984.1801350193526
disappointed,983.1015712748805
require,982.8874081391685
health,980.9038899557511
holsety,979.2160372822553
fully,978.3990814726868
benefit,977.776060306013
manga,976.3568927299087
pack,976.2426386267682
mods,975.1289515924552
somebody,974.9508326940796
rules,974.8309795474597
control,974.4680885166063
running,972.5865441160983
wielding,971.9307904135356
bro,971.0132878803034
welcome,970.8692336253655
constantly,970.1997086574726
white,968.6326400593117
inherit,967.3819154614422
sacae,965.7583584815509
pieri,965.5051833934544
endings,963.0892544145761
earth,962.9804668548755
replay,962.7321911147367
continent,962.6376466012848
step,961.3773130251552
talent,959.7234346338536
joining,959.6885076959549
villains,959.5106525262761
sleep,959.2568610643018
guide,959.2543166907383
ulki,958.1849523691291
bastian,958.1202423508156
highly,956.7596065696591
ironman,956.6835590525195
chest,956.6533610171526
water,956.6153079814288
dance,956.4341623465169
tries,956.0794655709115
php,954.212916317159
raise,953.3376310736206
reminds,952.5355094131311
randomized,951.8470865541983
excited,951.637345117524
mounts,951.4523438472498
gotoh,951.4482965165691
procs,951.3626427684266
relatively,950.1760345482825
risen,948.8254881076067
acting,948.4755100866818
javelins,948.2751705046446
tsundere,947.3799032399821
appearance,947.3638811752653
barst,946.1043459097591
whereas,945.9564104894786
accuracy,945.8521578062808
spawn,945.6436577461599
rinka,945.5313416150034
concept,945.1952439501555
tanking,944.403557172368
narrative,944.3652865064455
absolute,943.2379519096655
week,939.9629039905013
allies,939.7628402212954
mordecai,938.5183445549063
falls,937.7542347843563
sylvia,937.4256423510357
vika,936.9459480726464
ohko,936.805003628268
jeorge,936.4780177495222
treehouse,936.1503837345723
attacked,935.8880482328807
secondary,935.7225282023804
automatically,935.6596437802378
forest,935.4882383169211
cav,934.7969451964893
mount,934.3855764719397
loves,934.1416468040892
exception,934.128087656389
riders,933.7794746822688
outrealms,933.5082917204635
shanan,933.5082917204635
official,932.3981400097126
echidna,932.2883211661492
cheese,932.1310678503183
vengeance,931.5143854426377
completed,931.3515151791144
wins,930.5768749699782
reasonable,930.5704683986154
value,930.1332843413312
srpg,929.4810437349437
rare,929.2521504305718
position,928.8353715901062
sequel,928.675547401347
calling,928.5921121889435
sake,927.7362042628143
gods,927.1748824670846
shop,926.5134740410994
pool,926.0575131836011
wrys,925.5675586679292
louise,925.3814940696446
tower,925.1788246800238
katti,924.904682782899
women,924.2921262155655
destroy,924.0419157988863
faceless,923.6844272232619
variety,923.5371391609356
watching,923.0564602519964
sacrifice,922.0580150751314
